         1,   -0.9999999553D+07,    0.8527909309D-02,    0.3045447030D-17,    0.4449017788D-11,    0.2645815770D-23,  457
         2,   -0.7943281992D+07,    0.8538090708D-02,    0.6673244201D-17,    0.5952908267D-11,    0.0000000000D+00,  457
         3,   -0.6309573163D+07,    0.8550062163D-02,    0.1462254563D-16,    0.8811881670D-11,    0.0000000000D+00,  457
         4,   -0.5011872112D+07,    0.8564138394D-02,    0.3204121325D-16,    0.1304391975D-10,    0.0000000000D+00,  457
         5,   -0.3981071528D+07,    0.8580689456D-02,    0.7020934463D-16,    0.1930845761D-10,    0.0000000000D+00,  457
         6,   -0.3162277519D+07,    0.8600150463D-02,    0.1538441141D-15,    0.2858163350D-10,    0.0000000000D+00,  457
         7,   -0.2511886319D+07,    0.8623033033D-02,    0.3371062860D-15,    0.4230839191D-10,    0.0000000000D+00,  457
         8,   -0.1995262226D+07,    0.8649938730D-02,    0.7386740036D-15,    0.6262762930D-10,    0.0000000000D+00,  457
         9,   -0.1584893122D+07,    0.8681574886D-02,    0.1618597173D-14,    0.9270548609D-10,    0.0000000000D+00,  457
        10,   -0.1258925356D+07,    0.8718773193D-02,    0.3546702306D-14,    0.1372286839D-09,    0.0000000000D+00,  457
        11,   -0.9999999553D+06,    0.8762511567D-02,    0.7771604536D-14,    0.2031348090D-09,    0.0000000000D+00,  457
        12,   -0.7943281992D+06,    0.8813939856D-02,    0.1702929399D-13,    0.3006933313D-09,    0.0000000000D+00,  457
        13,   -0.6309573163D+06,    0.8874410073D-02,    0.3731492599D-13,    0.4451057870D-09,    0.0000000000D+00,  457
        14,   -0.5011872112D+06,    0.8945511933D-02,    0.8176520188D-13,    0.6588744538D-09,    0.0000000000D+00,  457
        15,   -0.3981071528D+06,    0.9029114648D-02,    0.1791655154D-12,    0.9753086572D-09,    0.0000000000D+00,  457
        16,   -0.3162277519D+06,    0.9127416065D-02,    0.3925909692D-12,    0.1443714969D-08,    0.0000000000D+00,  457
        17,   -0.2511886319D+06,    0.9243000442D-02,    0.8602529013D-12,    0.2137080091D-08,    0.0000000000D+00,  457
        18,   -0.1995262226D+06,    0.9378906385D-02,    0.1885002479D-11,    0.3163443468D-08,    0.0000000000D+00,  457
        19,   -0.1584893122D+06,    0.9538706719D-02,    0.4130452336D-11,    0.4682731594D-08,    0.0000000000D+00,  457
        20,   -0.1258925356D+06,    0.9726602404D-02,    0.9050720851D-11,    0.6931677034D-08,    0.0000000000D+00,  457
        21,   -0.9999999553D+05,    0.9947532950D-02,    0.1983209196D-10,    0.1026070436D-07,    0.0000000000D+00,  457
        22,   -0.7943281992D+05,    0.1020730623D-01,    0.4345638455D-10,    0.1518852979D-07,    0.1716760047D-14,  457
        23,   -0.6309573163D+05,    0.1051275110D-01,    0.9522220219D-10,    0.2248297977D-07,    0.4735803049D-14,  457
        24,   -0.5011872112D+05,    0.1087189679D-01,    0.2086518348D-09,    0.3328061593D-07,    0.1306401709D-13,  457
        25,   -0.3981071528D+05,    0.1129418376D-01,    0.4571989706D-09,    0.4926379770D-07,    0.3603781681D-13,  457
        26,   -0.3162277519D+05,    0.1179071153D-01,    0.1001813481D-08,    0.7292274643D-07,    0.9941185378D-13,  457
        27,   -0.2511886319D+05,    0.1237452978D-01,    0.2195161182D-08,    0.1079433915D-06,    0.2742299351D-12,  457
        28,   -0.1995262226D+05,    0.1306098028D-01,    0.4809975581D-08,    0.1597813241D-06,    0.7564619605D-12,  457
        29,   -0.1584893122D+05,    0.1386809819D-01,    0.1053937268D-07,    0.2246993633D-06,    0.1899689037D-11,  457
        30,   -0.1548816550D+05,    0.1395623263D-01,    0.1139939028D-07,    0.2491068639D-06,    0.2505191174D-11,  457
        31,   -0.1513561181D+05,    0.1404580579D-01,    0.1232958373D-07,    0.2590704354D-06,    0.2772724772D-11,  457
        32,   -0.1479108322D+05,    0.1413684112D-01,    0.1333567902D-07,    0.2694324570D-06,    0.3068827985D-11,  457
        33,   -0.1445439706D+05,    0.1422936248D-01,    0.1442386929D-07,    0.2802088745D-06,    0.3396551594D-11,  457
        34,   -0.1412537481D+05,    0.1432339410D-01,    0.1560085300D-07,    0.2914162848D-06,    0.3759272193D-11,  457
        35,   -0.1380384203D+05,    0.1441896064D-01,    0.1687387508D-07,    0.3030718930D-06,    0.4160726813D-11,  457
        36,   -0.1348962822D+05,    0.1451608711D-01,    0.1825077161D-07,    0.3151936059D-06,    0.4605051656D-11,  457
        37,   -0.1318256680D+05,    0.1461479897D-01,    0.1974001794D-07,    0.3278000899D-06,    0.5096824473D-11,  457
        38,   -0.1288249494D+05,    0.1471512207D-01,    0.2135078093D-07,    0.3409107183D-06,    0.5641111871D-11,  457
        39,   -0.1258925356D+05,    0.1481708270D-01,    0.2309297529D-07,    0.3545456191D-06,    0.6243521438D-11,  457
        40,   -0.1230268716D+05,    0.1492070754D-01,    0.2497732464D-07,    0.3687257558D-06,    0.6910259345D-11,  457
        41,   -0.1202264381D+05,    0.1502602375D-01,    0.2701542744D-07,    0.3834729797D-06,    0.7648194701D-11,  457
        42,   -0.1174897502D+05,    0.1513305891D-01,    0.2921982842D-07,    0.3988099084D-06,    0.8464929939D-11,  457
        43,   -0.1148153570D+05,    0.1524184104D-01,    0.3160409570D-07,    0.4147601238D-06,    0.9368879120D-11,  457
        44,   -0.1122018404D+05,    0.1535239863D-01,    0.3418290432D-07,    0.4313481559D-06,    0.1036935455D-10,  457
        45,   -0.1096478147D+05,    0.1546476063D-01,    0.3697212651D-07,    0.4485994812D-06,    0.1147666311D-10,  457
        46,   -0.1071519257D+05,    0.1557895645D-01,    0.3998892934D-07,    0.4665405984D-06,    0.1270221199D-10,  457
        47,   -0.1047128501D+05,    0.1569501598D-01,    0.4325188031D-07,    0.4851991383D-06,    0.1405862646D-10,  457
        48,   -0.1023292947D+05,    0.1581296962D-01,    0.4678106163D-07,    0.5046037375D-06,    0.1555987887D-10,  457
        49,   -0.9999999553D+04,    0.1593284823D-01,    0.5059819371D-07,    0.5247841732D-06,    0.1722143431D-10,  457
        50,   -0.9772371773D+04,    0.1605468318D-01,    0.5472676882D-07,    0.5457715314D-06,    0.1906040913D-10,  457
        51,   -0.9549925433D+04,    0.1617850637D-01,    0.5919219555D-07,    0.5675980329D-06,    0.2109574589D-10,  457
        52,   -0.9332542591D+04,    0.1630435019D-01,    0.6402195513D-07,    0.5902971864D-06,    0.2334841025D-10,  457
        53,   -0.9120107986D+04,    0.1643224757D-01,    0.6924577046D-07,    0.6139038888D-06,    0.2584160587D-10,  457
        54,   -0.8912508983D+04,    0.1656223197D-01,    0.7489578893D-07,    0.6384543933D-06,    0.2860101361D-10,  457
        55,   -0.8709635510D+04,    0.1669433739D-01,    0.8100678010D-07,    0.6639864056D-06,    0.3165505590D-10,  457
        56,   -0.8511380002D+04,    0.1682859838D-01,    0.8761634960D-07,    0.6905391880D-06,    0.3503518915D-10,  457
        57,   -0.8317637339D+04,    0.1696505007D-01,    0.9476517034D-07,    0.7181535092D-06,    0.3877622794D-10,  457
        58,   -0.8128304798D+04,    0.1710372813D-01,    0.1024972327D-06,    0.7468717134D-06,    0.4291670333D-10,  457
        59,   -0.7943281992D+04,    0.1724466881D-01,    0.1108601149D-06,    0.7767379914D-06,    0.4749925912D-10,  457
        60,   -0.7762470819D+04,    0.1738790898D-01,    0.1199052758D-06,    0.8077981805D-06,    0.5257109144D-10,  457
        61,   -0.7585775411D+04,    0.1753348606D-01,    0.1296883710D-06,    0.8400999659D-06,    0.5818443380D-10,  457
        62,   -0.7413102082D+04,    0.1768143812D-01,    0.1402695952D-06,    0.8736929440D-06,    0.6439709555D-10,  457
        63,   -0.7244359277D+04,    0.1783180380D-01,    0.1517140524D-06,    0.9086286550D-06,    0.7127305658D-10,  457
        64,   -0.7079457527D+04,    0.1798462240D-01,    0.1640921559D-06,    0.9449608017D-06,    0.7888312531D-10,  457
        65,   -0.6918309400D+04,    0.1813993384D-01,    0.1774800611D-06,    0.9827451219D-06,    0.8730566748D-10,  457
        66,   -0.6760829452D+04,    0.1829777869D-01,    0.1919601339D-06,    0.1022039609D-05,    0.9662741362D-10,  457
        67,   -0.6606934185D+04,    0.1845819817D-01,    0.2076214569D-06,    0.1062904543D-05,    0.1069443505D-09,  457
        68,   -0.6456542002D+04,    0.1862123416D-01,    0.2245603766D-06,    0.1105402664D-05,    0.1183627082D-09,  457
        69,   -0.6309573163D+04,    0.1878692923D-01,    0.2428810958D-06,    0.1149599179D-05,    0.1310000553D-09,  457
        70,   -0.6165949743D+04,    0.1895532662D-01,    0.2626963140D-06,    0.1195561885D-05,    0.1449865060D-09,  457
        71,   -0.6025595591D+04,    0.1912647028D-01,    0.2841279195D-06,    0.1243361319D-05,    0.1604660599D-09,  457
        72,   -0.5888436290D+04,    0.1930040486D-01,    0.3073077387D-06,    0.1293070745D-05,    0.1775980841D-09,  457
        73,   -0.5754399116D+04,    0.1947717572D-01,    0.3323783460D-06,    0.1344766403D-05,    0.1965589501D-09,  457
        74,   -0.5623413001D+04,    0.1965682896D-01,    0.3594939393D-06,    0.1398527639D-05,    0.2175438480D-09,  457
        75,   -0.5495408493D+04,    0.1983941143D-01,    0.3888212874D-06,    0.1454436849D-05,    0.2407687982D-09,  457
        76,   -0.5370317724D+04,    0.2002497071D-01,    0.4205407545D-06,    0.1512579720D-05,    0.2664728693D-09,  457
        77,   -0.5248074368D+04,    0.2021355516D-01,    0.4548474076D-06,    0.1573045421D-05,    0.2949206336D-09,  457
        78,   -0.5128613611D+04,    0.2040521391D-01,    0.4919522142D-06,    0.1635926572D-05,    0.3264048925D-09,  457
        79,   -0.5011872112D+04,    0.2059999687D-01,    0.5320833382D-06,    0.1701319552D-05,    0.3612496873D-09,  457
        80,   -0.4897787975D+04,    0.2079795476D-01,    0.5754875405D-06,    0.1769324590D-05,    0.3998136243D-09,  457
        81,   -0.4786300709D+04,    0.2099913911D-01,    0.6224316936D-06,    0.1840045801D-05,    0.4424935643D-09,  457
        82,   -0.4677351204D+04,    0.2120360226D-01,    0.6732044197D-06,    0.1913591549D-05,    0.4897287045D-09,  457
        83,   -0.4570881692D+04,    0.2141139741D-01,    0.7281178625D-06,    0.1990074478D-05,    0.5420050847D-09,  457
        84,   -0.4466835722D+04,    0.2162257859D-01,    0.7875096023D-06,    0.2069611603D-05,    0.5998605899D-09,  457
        85,   -0.4365158127D+04,    0.2183720069D-01,    0.8517447273D-06,    0.2152324744D-05,    0.6638904714D-09,  457
        86,   -0.4265794997D+04,    0.2205531949D-01,    0.9212180734D-06,    0.2238340491D-05,    0.7347534647D-09,  457
        87,   -0.4168693648D+04,    0.2227699164D-01,    0.9963566465D-06,    0.2327790364D-05,    0.8131785534D-09,  457
        88,   -0.4073802596D+04,    0.2250227469D-01,    0.1077622241D-05,    0.2420811330D-05,    0.8999724478D-09,  457
        89,   -0.3981071528D+04,    0.2273122713D-01,    0.1165514270D-05,    0.2517545597D-05,    0.9960278909D-09,  457
        90,   -0.3890451276D+04,    0.2296390834D-01,    0.1260572833D-05,    0.2618141048D-05,    0.1102332817D-08,  457
        91,   -0.3801893793D+04,    0.2320037867D-01,    0.1363382018D-05,    0.2722751570D-05,    0.1219980475D-08,  457
        92,   -0.3715352125D+04,    0.2344069941D-01,    0.1474573489D-05,    0.2831536931D-05,    0.1350180663D-08,  457
        93,   -0.3630780385D+04,    0.2368493282D-01,    0.1594830352D-05,    0.2944663368D-05,    0.1494272163D-08,  457
        94,   -0.3548133734D+04,    0.2393314214D-01,    0.1724891344D-05,    0.3062303624D-05,    0.1653736463D-08,  457
        95,   -0.3467368350D+04,    0.2418539160D-01,    0.1865555356D-05,    0.3184637434D-05,    0.1830212899D-08,  457
        96,   -0.3388441410D+04,    0.2444174647D-01,    0.2017686323D-05,    0.3311851582D-05,    0.2025515608D-08,  457
        97,   -0.3311311067D+04,    0.2470227301D-01,    0.2182218522D-05,    0.3444140109D-05,    0.2241652026D-08,  457
        98,   -0.3235936425D+04,    0.2496703854D-01,    0.2360162282D-05,    0.3581704786D-05,    0.2480843435D-08,  457
        99,   -0.3162277519D+04,    0.2523611141D-01,    0.2552610172D-05,    0.3724755456D-05,    0.2745547870D-08,  457
       100,   -0.3090295294D+04,    0.2550956107D-01,    0.2760743689D-05,    0.3873510310D-05,    0.3038485239D-08,  457
       101,   -0.3019951585D+04,    0.2578745803D-01,    0.2985840478D-05,    0.4028195906D-05,    0.3362665177D-08,  457
       102,   -0.2951209095D+04,    0.2606987390D-01,    0.3229282154D-05,    0.4189047947D-05,    0.3721417846D-08,  457
       103,   -0.2884031374D+04,    0.2635688142D-01,    0.3492562743D-05,    0.4356311346D-05,    0.4118428148D-08,  457
       104,   -0.2818382805D+04,    0.2664855443D-01,    0.3777297816D-05,    0.4530240668D-05,    0.4557773469D-08,  457
       105,   -0.2754228580D+04,    0.2694496793D-01,    0.4085234363D-05,    0.4711100587D-05,    0.5043965279D-08,  457
       106,   -0.2691534684D+04,    0.2724619807D-01,    0.4418261463D-05,    0.4899166167D-05,    0.5581995326D-08,  457
       107,   -0.2630267874D+04,    0.2755232219D-01,    0.4778421819D-05,    0.5094723287D-05,    0.6177386918D-08,  457
       108,   -0.2570395668D+04,    0.2786341879D-01,    0.5167924230D-05,    0.5298068969D-05,    0.6836251235D-08,  457
       109,   -0.2511886319D+04,    0.2817956759D-01,    0.5589157072D-05,    0.5509512039D-05,    0.7565349758D-08,  457
       110,   -0.2454708806D+04,    0.2850084952D-01,    0.6044702863D-05,    0.5729373551D-05,    0.8372163659D-08,  457
       111,   -0.2398832812D+04,    0.2882734676D-01,    0.6537354020D-05,    0.5957986963D-05,    0.9264969940D-08,  457
       112,   -0.2344228711D+04,    0.2915914272D-01,    0.7070129875D-05,    0.6195698729D-05,    0.1025292611D-07,  457
       113,   -0.2290867550D+04,    0.2949632208D-01,    0.7646295073D-05,    0.6442869190D-05,    0.1134616399D-07,  457
       114,   -0.2238721038D+04,    0.2983897080D-01,    0.8269379464D-05,    0.6699872581D-05,    0.1255589289D-07,  457
       115,   -0.2187761526D+04,    0.3018717612D-01,    0.8943199586D-05,    0.6967097744D-05,    0.1389451359D-07,  457
       116,   -0.2137961994D+04,    0.3054102661D-01,    0.9671881896D-05,    0.7244948951D-05,    0.1537574545D-07,  457
       117,   -0.2089296037D+04,    0.3090061216D-01,    0.1045988787D-04,    0.7533845929D-05,    0.1701476640D-07,  457
       118,   -0.2041737853D+04,    0.3126602397D-01,    0.1131204112D-04,    0.7834225091D-05,    0.1882836731D-07,  457
       119,   -0.1995262226D+04,    0.3163735463D-01,    0.1223355672D-04,    0.8146539658D-05,    0.2083512255D-07,  457
       120,   -0.1949844513D+04,    0.3201469807D-01,    0.1323007287D-04,    0.8471260449D-05,    0.2305558012D-07,  457
       121,   -0.1905460633D+04,    0.3239814962D-01,    0.1430768514D-04,    0.8808876935D-05,    0.2551247025D-07,  457
       122,   -0.1862087053D+04,    0.3278780600D-01,    0.1547298339D-04,    0.9159897097D-05,    0.2823093725D-07,  457
       123,   -0.1819700777D+04,    0.3318376531D-01,    0.1673309183D-04,    0.9524849073D-05,    0.3123879480D-07,  457
       124,   -0.1778279331D+04,    0.3358612712D-01,    0.1809571210D-04,    0.9904281093D-05,    0.3456680628D-07,  457
       125,   -0.1737800751D+04,    0.3399499240D-01,    0.1956916992D-04,    0.1029876275D-04,    0.3824900207D-07,  457
       126,   -0.1698243577D+04,    0.3441046358D-01,    0.2116246552D-04,    0.1070888577D-04,    0.4232302179D-07,  457
       127,   -0.1659586833D+04,    0.3483264455D-01,    0.2288532804D-04,    0.1113526468D-04,    0.4683049613D-07,  457
       128,   -0.1621810025D+04,    0.3526164068D-01,    0.2474827430D-04,    0.1157853756D-04,    0.5181747072D-07,  457
       129,   -0.1584893122D+04,    0.3569755880D-01,    0.2676267236D-04,    0.1203936657D-04,    0.5733486915D-07,  457
       130,   -0.1548816550D+04,    0.3614050725D-01,    0.2894081006D-04,    0.1251844031D-04,    0.6343901316D-07,  457
       131,   -0.1513561181D+04,    0.3659059588D-01,    0.3129596913D-04,    0.1301647340D-04,    0.7019218972D-07,  457
       132,   -0.1479108322D+04,    0.3704793606D-01,    0.3384250519D-04,    0.1353420731D-04,    0.7766328156D-07,  457
       133,   -0.1445439706D+04,    0.3751264065D-01,    0.3659593417D-04,    0.1407241214D-04,    0.8592846201D-07,  457
       134,   -0.1412537481D+04,    0.3798482408D-01,    0.3957302555D-04,    0.1463188789D-04,    0.9507196620D-07,  457
       135,   -0.1380384203D+04,    0.3846460230D-01,    0.4279190317D-04,    0.1521346406D-04,    0.1051869370D-06,  457
       136,   -0.1348962822D+04,    0.3895209282D-01,    0.4627215396D-04,    0.1581800216D-04,    0.1163763682D-06,  457
       137,   -0.1318256680D+04,    0.3944741468D-01,    0.5003494538D-04,    0.1644639616D-04,    0.1287541384D-06,  457
       138,   -0.1288249494D+04,    0.3995068850D-01,    0.5410315218D-04,    0.1709957434D-04,    0.1424461572D-06,  457
       139,   -0.1258925356D+04,    0.4046203646D-01,    0.5850149323D-04,    0.1777849938D-04,    0.1575916322D-06,  457
       140,   -0.1230268716D+04,    0.4098158229D-01,    0.6325667925D-04,    0.1848416985D-04,    0.1743444612D-06,  457
       141,   -0.1202264381D+04,    0.4150945129D-01,    0.6839757221D-04,    0.1921762317D-04,    0.1928747859D-06,  457
       142,   -0.1174897502D+04,    0.4204577035D-01,    0.7395535734D-04,    0.1997993480D-04,    0.2133706872D-06,  457
       143,   -0.1148153570D+04,    0.4259066790D-01,    0.7996372880D-04,    0.2077221981D-04,    0.2360400697D-06,  457
       144,   -0.1122018404D+04,    0.4314427394D-01,    0.8645908995D-04,    0.2159563493D-04,    0.2611127345D-06,  457
       145,   -0.1096478147D+04,    0.4370672003D-01,    0.9348076948D-04,    0.2245138030D-04,    0.2888426873D-06,  457
       146,   -0.1071519257D+04,    0.4427813928D-01,    0.1010712545D-03,    0.2334070056D-04,    0.3195106618D-06,  457
       147,   -0.1047128501D+04,    0.4485866636D-01,    0.1092764421D-03,    0.2426488630D-04,    0.3534269176D-06,  457
       148,   -0.1023292947D+04,    0.4544843747D-01,    0.1181459104D-03,    0.2522527363D-04,    0.3909342990D-06,  457
       149,   -0.9999999553D+03,    0.4604759033D-01,    0.1277332111D-03,    0.2622324945D-04,    0.4324116888D-06,  457
       150,   -0.9772371773D+03,    0.4665626417D-01,    0.1380961849D-03,    0.2726025187D-04,    0.4782777447D-06,  457
       151,   -0.9549925433D+03,    0.4727459974D-01,    0.1492973015D-03,    0.2833776939D-04,    0.5289950058D-06,  457
       152,   -0.9332542591D+03,    0.4790273925D-01,    0.1614040260D-03,    0.2945734460D-04,    0.5850745152D-06,  457
       153,   -0.9120107986D+03,    0.4854082636D-01,    0.1744892143D-03,    0.3062057628D-04,    0.6470808354D-06,  457
       154,   -0.8912508983D+03,    0.4918900619D-01,    0.1886315386D-03,    0.3182912072D-04,    0.7156376118D-06,  457
       155,   -0.8709635510D+03,    0.4984742526D-01,    0.2039159463D-03,    0.3308469238D-04,    0.7914337093D-06,  457
       156,   -0.8511380002D+03,    0.5051623146D-01,    0.2204341545D-03,    0.3438906654D-04,    0.8752299584D-06,  457
       157,   -0.8317637339D+03,    0.5119557403D-01,    0.2382851822D-03,    0.3574408233D-04,    0.9678666172D-06,  457
       158,   -0.8128304798D+03,    0.5188560355D-01,    0.2575759242D-03,    0.3715164271D-04,    0.1070271585D-05,  457
       159,   -0.7943281992D+03,    0.5258647184D-01,    0.2784217684D-03,    0.3861371581D-04,    0.1183469426D-05,  457
       160,   -0.7762470819D+03,    0.5329833195D-01,    0.3009472610D-03,    0.4013234020D-04,    0.1308591368D-05,  457
       161,   -0.7585775411D+03,    0.5402133815D-01,    0.3252868223D-03,    0.4170962364D-04,    0.1446886264D-05,  457
       162,   -0.7413102082D+03,    0.5475564580D-01,    0.3515855169D-03,    0.4334774524D-04,    0.1599732682D-05,  457
       163,   -0.7244359277D+03,    0.5550141136D-01,    0.3799998833D-03,    0.4504895951D-04,    0.1768652244D-05,  457
       164,   -0.7079457527D+03,    0.5625879230D-01,    0.4106988253D-03,    0.4681559686D-04,    0.1955324264D-05,  457
       165,   -0.6918309400D+03,    0.5702794705D-01,    0.4438645714D-03,    0.4865006473D-04,    0.2161601874D-05,  457
       166,   -0.6760829452D+03,    0.5780903490D-01,    0.4796937067D-03,    0.5055485126D-04,    0.2389529789D-05,  457
       167,   -0.6606934185D+03,    0.5860221598D-01,    0.5183982817D-03,    0.5253252656D-04,    0.2641363856D-05,  457
       168,   -0.6456542002D+03,    0.5940765111D-01,    0.5602070047D-03,    0.5458574388D-04,    0.2919592500D-05,  457
       169,   -0.6309573163D+03,    0.6022550177D-01,    0.6053665223D-03,    0.5671724287D-04,    0.3226960360D-05,  457
       170,   -0.6165949743D+03,    0.6105592997D-01,    0.6541427962D-03,    0.5892985023D-04,    0.3566494266D-05,  457
       171,   -0.6025595591D+03,    0.6189909817D-01,    0.7068225806D-03,    0.6122648291D-04,    0.3941531766D-05,  457
       172,   -0.5888436290D+03,    0.6275516917D-01,    0.7637150093D-03,    0.6361014818D-04,    0.4355752462D-05,  457
       173,   -0.5754399116D+03,    0.6362430598D-01,    0.8251532987D-03,    0.6608394640D-04,    0.4813212456D-05,  457
       174,   -0.5623413001D+03,    0.6450667172D-01,    0.8914965755D-03,    0.6865107354D-04,    0.5318382157D-05,  457
       175,   -0.5495408493D+03,    0.6540242950D-01,    0.9631318372D-03,    0.7131482049D-04,    0.5876187833D-05,  457
       176,   -0.5370317724D+03,    0.6631174222D-01,    0.1040476054D-02,    0.7407857594D-04,    0.6492057091D-05,  457
       177,   -0.5248074368D+03,    0.6723477250D-01,    0.1123978422D-02,    0.7694582875D-04,    0.7171968762D-05,  457
       178,   -0.5128613611D+03,    0.6817168248D-01,    0.1214122776D-02,    0.7992016747D-04,    0.7922507909D-05,  457
       179,   -0.5011872112D+03,    0.6912263368D-01,    0.1311430181D-02,    0.8300528200D-04,    0.8750925736D-05,  457
       180,   -0.4897787975D+03,    0.7008778679D-01,    0.1416461694D-02,    0.8620496442D-04,    0.9665205132D-05,  457
       181,   -0.4786300709D+03,    0.7106730153D-01,    0.1529821331D-02,    0.8952311130D-04,    0.1067413314D-04,  457
       182,   -0.4677351204D+03,    0.7206133643D-01,    0.1652159237D-02,    0.9296372191D-04,    0.1178737965D-04,  457
       183,   -0.4570881692D+03,    0.7307004862D-01,    0.1784175075D-02,    0.9653089945D-04,    0.1301558352D-04,  457
       184,   -0.4466835722D+03,    0.7409359363D-01,    0.1926621648D-02,    0.1002288529D-03,    0.1437044728D-04,  457
       185,   -0.4365158127D+03,    0.7513212515D-01,    0.2080308769D-02,    0.1040618947D-03,    0.1586484034D-04,  457
       186,   -0.4265794997D+03,    0.7618579479D-01,    0.2246107396D-02,    0.1080344419D-03,    0.1751291148D-04,  457
       187,   -0.4168693648D+03,    0.7725475184D-01,    0.2424954034D-02,    0.1121510134D-03,    0.1933021206D-04,  457
       188,   -0.4073802596D+03,    0.7833914297D-01,    0.2617855444D-02,    0.1164162317D-03,    0.2133383075D-04,  457
       189,   -0.3981071528D+03,    0.7943911201D-01,    0.2825893650D-02,    0.1208348194D-03,    0.2354253980D-04,  457
       190,   -0.3890451276D+03,    0.8055479960D-01,    0.3050231283D-02,    0.1254115985D-03,    0.2597695547D-04,  457
       191,   -0.3801893793D+03,    0.8168634291D-01,    0.3292117258D-02,    0.1301514882D-03,    0.2865971167D-04,  457
       192,   -0.3715352125D+03,    0.8283387531D-01,    0.3552892822D-02,    0.1350595003D-03,    0.3161564970D-04,  457
       193,   -0.3630780385D+03,    0.8399752606D-01,    0.3833997986D-02,    0.1401407402D-03,    0.3487202548D-04,  457
       194,   -0.3548133734D+03,    0.8517741993D-01,    0.4136978345D-02,    0.1454003984D-03,    0.3845873296D-04,  457
       195,   -0.3467368350D+03,    0.8637367685D-01,    0.4463492330D-02,    0.1508437457D-03,    0.4240854814D-04,  457
       196,   -0.3388441410D+03,    0.8758641151D-01,    0.4815318892D-02,    0.1564761367D-03,    0.4675739554D-04,  457
       197,   -0.3311311067D+03,    0.8881573300D-01,    0.5194365650D-02,    0.1623029957D-03,    0.5154463359D-04,  457
       198,   -0.3235936425D+03,    0.9006174437D-01,    0.5602677511D-02,    0.1683298114D-03,    0.5681336644D-04,  457
       199,   -0.3162277519D+03,    0.9132454222D-01,    0.6042445798D-02,    0.1745621325D-03,    0.6261078252D-04,  457
       200,   -0.3090295294D+03,    0.9260421623D-01,    0.6516017887D-02,    0.1810055604D-03,    0.6898851923D-04,  457
       201,   -0.3019951585D+03,    0.9390084873D-01,    0.7025907385D-02,    0.1876657394D-03,    0.7600305741D-04,  457
       202,   -0.2951209095D+03,    0.9521451422D-01,    0.7574804867D-02,    0.1945483412D-03,    0.8371614593D-04,  457
       203,   -0.2884031374D+03,    0.9654527886D-01,    0.8165589176D-02,    0.2016590648D-03,    0.9219526538D-04,  457
       204,   -0.2818382805D+03,    0.9789319998D-01,    0.8801339324D-02,    0.2090036233D-03,    0.1015141232D-03,  457
       205,   -0.2754228580D+03,    0.9925832557D-01,    0.9485346993D-02,    0.2165877219D-03,    0.1117531842D-03,  457
       206,   -0.2691534684D+03,    0.1006406937D+00,    0.1022112965D-01,    0.2244170486D-03,    0.1230002464D-03,  457
       207,   -0.2630267874D+03,    0.1020403320D+00,    0.1101244430D-01,    0.2324972787D-03,    0.1353510614D-03,  457
       208,   -0.2570395668D+03,    0.1034572572D+00,    0.1186330188D-01,    0.2408340196D-03,    0.1489099904D-03,  457
       209,   -0.2511886319D+03,    0.1048914742D+00,    0.1277798227D-01,    0.2494328263D-03,    0.1637907134D-03,  457
       210,   -0.2454708806D+03,    0.1063429760D+00,    0.1376105001D-01,    0.2582991905D-03,    0.1801169945D-03,  457
       211,   -0.2398832812D+03,    0.1078117427D+00,    0.1481737063D-01,    0.2674384734D-03,    0.1980234800D-03,  457
       212,   -0.2344228711D+03,    0.1092977410D+00,    0.1595212760D-01,    0.2768559279D-03,    0.2176565661D-03,  457
       213,   -0.2290867550D+03,    0.1108009236D+00,    0.1717083996D-01,    0.2865566748D-03,    0.2391753284D-03,  457
       214,   -0.2238721038D+03,    0.1123212286D+00,    0.1847938059D-01,    0.2965456647D-03,    0.2627524914D-03,  457
       215,   -0.2187761526D+03,    0.1138585788D+00,    0.1988399502D-01,    0.3068276458D-03,    0.2885754519D-03,  457
       216,   -0.2137961994D+03,    0.1154128811D+00,    0.2139132083D-01,    0.3174071729D-03,    0.3168473991D-03,  457
       217,   -0.2089296037D+03,    0.1169840260D+00,    0.2300840770D-01,    0.3282885341D-03,    0.3477884748D-03,  457
       218,   -0.2041737853D+03,    0.1185718865D+00,    0.2474273778D-01,    0.3394757582D-03,    0.3816369832D-03,  457
       219,   -0.1995262226D+03,    0.1201763181D+00,    0.2660224668D-01,    0.3509725717D-03,    0.4186506815D-03,  457
       220,   -0.1949844513D+03,    0.1217971576D+00,    0.2859534480D-01,    0.3627823492D-03,    0.4591081436D-03,  457
       221,   -0.1905460633D+03,    0.1234342228D+00,    0.3073093896D-01,    0.3749081536D-03,    0.5033101741D-03,  457
       222,   -0.1862087053D+03,    0.1250873120D+00,    0.3301845433D-01,    0.3873526001D-03,    0.5515812929D-03,  457
       223,   -0.1819700777D+03,    0.1267562028D+00,    0.3546785653D-01,    0.4001178847D-03,    0.6042712660D-03,  457
       224,   -0.1778279331D+03,    0.1284406523D+00,    0.3808967378D-01,    0.4132057549D-03,    0.6617566840D-03,  457
       225,   -0.1737800751D+03,    0.1301403960D+00,    0.4089501899D-01,    0.4266174095D-03,    0.7244426864D-03,  457
       226,   -0.1698243577D+03,    0.1318551472D+00,    0.4389561176D-01,    0.4403535468D-03,    0.7927646103D-03,  457
       227,   -0.1659586833D+03,    0.1335845970D+00,    0.4710379996D-01,    0.4544142941D-03,    0.8671897680D-03,  457
       228,   -0.1621810025D+03,    0.1353284133D+00,    0.5053258101D-01,    0.4687991470D-03,    0.9482192625D-03,  457
       229,   -0.1584893122D+03,    0.1370862407D+00,    0.5419562241D-01,    0.4835069360D-03,    0.1036389748D-02,  457
       230,   -0.1548816550D+03,    0.1388576998D+00,    0.5810728155D-01,    0.4985358205D-03,    0.1132275387D-02,  457
       231,   -0.1513561181D+03,    0.1406423871D+00,    0.6228262454D-01,    0.5138832500D-03,    0.1236489663D-02,  457
       232,   -0.1479108322D+03,    0.1424398746D+00,    0.6673744384D-01,    0.5295458795D-03,    0.1349687263D-02,  457
       233,   -0.1445439706D+03,    0.1442497094D+00,    0.7148827449D-01,    0.5455195535D-03,    0.1472565948D-02,  457
       234,   -0.1412537481D+03,    0.1460714136D+00,    0.7655240874D-01,    0.5617993112D-03,    0.1605868431D-02,  457
       235,   -0.1380384203D+03,    0.1479044842D+00,    0.8194790878D-01,    0.5783793060D-03,    0.1750384113D-02,  457
       236,   -0.1348962822D+03,    0.1497483930D+00,    0.8769361740D-01,    0.5952528220D-03,    0.1906950936D-02,  457
       237,   -0.1318256680D+03,    0.1516025867D+00,    0.9380916619D-01,    0.6124121753D-03,    0.2076456997D-02,  457
       238,   -0.1288249494D+03,    0.1534664867D+00,    0.1003149812D+00,    0.6298487214D-03,    0.2259842193D-02,  457
       239,   -0.1258925356D+03,    0.1553394895D+00,    0.1072322857D+00,    0.6475528493D-03,    0.2458099640D-02,  457
       240,   -0.1230268716D+03,    0.1572209668D+00,    0.1145830993D+00,    0.6655139330D-03,    0.2672277045D-02,  457
       241,   -0.1202264381D+03,    0.1591102660D+00,    0.1223902348D+00,    0.6837203401D-03,    0.2903478014D-02,  457
       242,   -0.1174897502D+03,    0.1610067104D+00,    0.1306772896D+00,    0.7021593989D-03,    0.3152862805D-02,  457
       243,   -0.1148153570D+03,    0.1629096000D+00,    0.1394686344D+00,    0.7208173415D-03,    0.3421649337D-02,  457
       244,   -0.1122018404D+03,    0.1648182116D+00,    0.1487893973D+00,    0.7396793798D-03,    0.3711113560D-02,  457
       245,   -0.1096478147D+03,    0.1667318003D+00,    0.1586654429D+00,    0.7587296925D-03,    0.4022590015D-02,  457
       246,   -0.1071519257D+03,    0.1686495995D+00,    0.1691233476D+00,    0.7779513711D-03,    0.4357471634D-02,  457
       247,   -0.1047128501D+03,    0.1705708225D+00,    0.1801903684D+00,    0.7973265018D-03,    0.4717209531D-02,  457
       248,   -0.1023292947D+03,    0.1724946630D+00,    0.1918944085D+00,    0.8168360420D-03,    0.5103312130D-02,  457
       249,   -0.9999999553D+02,    0.1744202965D+00,    0.2042639757D+00,    0.8364600527D-03,    0.5517344570D-02,  457
       250,   -0.9772371773D+02,    0.1763468815D+00,    0.2173281364D+00,    0.8561776032D-03,    0.5960927234D-02,  457
       251,   -0.9549925433D+02,    0.1782735608D+00,    0.2311164638D+00,    0.8759667787D-03,    0.6435733455D-02,  457
       252,   -0.9332542591D+02,    0.1801994630D+00,    0.2456589801D+00,    0.8958047570D-03,    0.6943487920D-02,  457
       253,   -0.9120107986D+02,    0.1821237038D+00,    0.2609860938D+00,    0.9156678340D-03,    0.7485963695D-02,  457
       254,   -0.8912508983D+02,    0.1840453878D+00,    0.2771285304D+00,    0.9355316181D-03,    0.8064979152D-02,  457
       255,   -0.8709635510D+02,    0.1859636105D+00,    0.2941172583D+00,    0.9553708321D-03,    0.8682394464D-02,  457
       256,   -0.8511380002D+02,    0.1878774592D+00,    0.3119834090D+00,    0.9751595927D-03,    0.9340107430D-02,  457
       257,   -0.8317637339D+02,    0.1897860161D+00,    0.3307581920D+00,    0.9948713966D-03,    0.1004004913D-01,  457
       258,   -0.8128304798D+02,    0.1916883589D+00,    0.3504728050D+00,    0.1014479152D-02,    0.1078417890D-01,  457
       259,   -0.7943281992D+02,    0.1935835639D+00,    0.3711583390D+00,    0.1033955487D-02,    0.1157447881D-01,  457
       260,   -0.7762470819D+02,    0.1954707076D+00,    0.3928456795D+00,    0.1053272463D-02,    0.1241294790D-01,  457
       261,   -0.7585775411D+02,    0.1973488684D+00,    0.4155654033D+00,    0.1072401949D-02,    0.1330159607D-01,  457
       262,   -0.7413102082D+02,    0.1992171294D+00,    0.4393476729D+00,    0.1091315741D-02,    0.1424243704D-01,  457
       263,   -0.7244359277D+02,    0.2010745802D+00,    0.4642221261D+00,    0.1109985465D-02,    0.1523748168D-01,  457
       264,   -0.7079457527D+02,    0.2029203190D+00,    0.4902177658D+00,    0.1128382819D-02,    0.1628873081D-01,  457
       265,   -0.6918309400D+02,    0.2047534549D+00,    0.5173628458D+00,    0.1146479607D-02,    0.1739816700D-01,  457
       266,   -0.6760829452D+02,    0.2065731098D+00,    0.5456847569D+00,    0.1164247961D-02,    0.1856774728D-01,  457
       267,   -0.6606934185D+02,    0.2083784210D+00,    0.5752099124D+00,    0.1181660290D-02,    0.1979939514D-01,  457
       268,   -0.6456542002D+02,    0.2101685425D+00,    0.6059636339D+00,    0.1198689495D-02,    0.2109499220D-01,  457
       269,   -0.6309573163D+02,    0.2119426479D+00,    0.6379700383D+00,    0.1215309113D-02,    0.2245637016D-01,  457
       270,   -0.6165949743D+02,    0.2136999317D+00,    0.6712519269D+00,    0.1231493274D-02,    0.2388530272D-01,  457
       271,   -0.6025595591D+02,    0.2154396116D+00,    0.7058306770D+00,    0.1247216952D-02,    0.2538349748D-01,  457
       272,   -0.5888436290D+02,    0.2171609301D+00,    0.7417261372D+00,    0.1262455946D-02,    0.2695258799D-01,  457
       273,   -0.5754399116D+02,    0.2188631563D+00,    0.7789565269D+00,    0.1277187116D-02,    0.2859412602D-01,  457
       274,   -0.5623413001D+02,    0.2205455877D+00,    0.8175383408D+00,    0.1291388335D-02,    0.3030957415D-01,  457
       275,   -0.5495408493D+02,    0.2222075514D+00,    0.8574862593D+00,    0.1305038706D-02,    0.3210029904D-01,  457
       276,   -0.5370317724D+02,    0.2238484060D+00,    0.8988130651D+00,    0.1318118450D-02,    0.3396756427D-01,  457
       277,   -0.5248074368D+02,    0.2254675421D+00,    0.9415295669D+00,    0.1330609153D-02,    0.3591252422D-01,  457
       278,   -0.5128613611D+02,    0.2270643844D+00,    0.9856445308D+00,    0.1342493871D-02,    0.3793621859D-01,  457
       279,   -0.5011872112D+02,    0.2286383920D+00,    0.1031164620D+01,    0.1353756934D-02,    0.4003956787D-01,  457
       280,   -0.4897787975D+02,    0.2301890596D+00,    0.1078094344D+01,    0.1364384346D-02,    0.4222336725D-01,  457
       281,   -0.4786300709D+02,    0.2317159184D+00,    0.1126436013D+01,    0.1374363458D-02,    0.4448828411D-01,  457
       282,   -0.4677351204D+02,    0.2332185361D+00,    0.1176189708D+01,    0.1383683246D-02,    0.4683485550D-01,  457
       283,   -0.4570881692D+02,    0.2346965181D+00,    0.1227353255D+01,    0.1392334365D-02,    0.4926348307D-01,  457
       284,   -0.4466835722D+02,    0.2361495073D+00,    0.1279922210D+01,    0.1400308919D-02,    0.5177443433D-01,  457
       285,   -0.4365158127D+02,    0.2375771844D+00,    0.1333889857D+01,    0.1407600762D-02,    0.5436784141D-01,  457
       286,   -0.4265794997D+02,    0.2389792681D+00,    0.1389247213D+01,    0.1414205199D-02,    0.5704369884D-01,  457
       287,   -0.4168693648D+02,    0.2403555145D+00,    0.1445983041D+01,    0.1420119317D-02,    0.5980186517D-01,  457
       288,   -0.4073802596D+02,    0.2417057177D+00,    0.1504083877D+01,    0.1425341635D-02,    0.6264206636D-01,  457
       289,   -0.3981071528D+02,    0.2430297083D+00,    0.1563534065D+01,    0.1429872271D-02,    0.6556389311D-01,  457
       290,   -0.3890451276D+02,    0.2443273541D+00,    0.1624315794D+01,    0.1433712992D-02,    0.6856680898D-01,  457
       291,   -0.3801893793D+02,    0.2455985585D+00,    0.1686409159D+01,    0.1436866750D-02,    0.7165015145D-01,  457
       292,   -0.3715352125D+02,    0.2468432602D+00,    0.1749792211D+01,    0.1439338263D-02,    0.7481313284D-01,  457
       293,   -0.3630780385D+02,    0.2480614326D+00,    0.1814441032D+01,    0.1441133478D-02,    0.7805485150D-01,  457
       294,   -0.3548133734D+02,    0.2492530823D+00,    0.1880329805D+01,    0.1442259492D-02,    0.8137429038D-01,  457
       295,   -0.3467368350D+02,    0.2504182484D+00,    0.1947430896D+01,    0.1442725073D-02,    0.8477032499D-01,  457
       296,   -0.3388441410D+02,    0.2515570018D+00,    0.2015714941D+01,    0.1442539956D-02,    0.8824173419D-01,  457
       297,   -0.3311311067D+02,    0.2526694432D+00,    0.2085150941D+01,    0.1441714842D-02,    0.9178719848D-01,  457
       298,   -0.3235936425D+02,    0.2537557025D+00,    0.2155706352D+01,    0.1440261853D-02,    0.9540531042D-01,  457
       299,   -0.3162277519D+02,    0.2548159375D+00,    0.2227347194D+01,    0.1438193843D-02,    0.9909458450D-01,  457
       300,   -0.3090295294D+02,    0.2558503322D+00,    0.2300038149D+01,    0.1435524560D-02,    0.1028534576D+00,  457
       301,   -0.3019951585D+02,    0.2568590958D+00,    0.2373742667D+01,    0.1432268722D-02,    0.1066803035D+00,  457
       302,   -0.2951209095D+02,    0.2578424612D+00,    0.2448423081D+01,    0.1428441830D-02,    0.1105734347D+00,  457
       303,   -0.2884031374D+02,    0.2588006838D+00,    0.2524040710D+01,    0.1424059807D-02,    0.1145311116D+00,  456
       304,   -0.2818382805D+02,    0.2597340395D+00,    0.2600555972D+01,    0.1419139422D-02,    0.1185515533D+00,  456
       305,   -0.2754228580D+02,    0.2606428242D+00,    0.2677928495D+01,    0.1413697938D-02,    0.1226329380D+00,  456
       306,   -0.2691534684D+02,    0.2615273515D+00,    0.2756117224D+01,    0.1407752849D-02,    0.1267734148D+00,  456
       307,   -0.2630267874D+02,    0.2623879519D+00,    0.2835080535D+01,    0.1401322272D-02,    0.1309711140D+00,  456
       308,   -0.2570395668D+02,    0.2632249711D+00,    0.2914776337D+01,    0.1394424489D-02,    0.1352241434D+00,  456
       309,   -0.2511886319D+02,    0.2640387688D+00,    0.2995162177D+01,    0.1387078174D-02,    0.1395306064D+00,  456
       310,   -0.2454708806D+02,    0.2648297174D+00,    0.3076195350D+01,    0.1379301887D-02,    0.1438886024D+00,  456
       311,   -0.2398832812D+02,    0.2655982003D+00,    0.3157832987D+01,    0.1371114615D-02,    0.1482962308D+00,  456
       312,   -0.2344228711D+02,    0.2663446114D+00,    0.3240032163D+01,    0.1362535207D-02,    0.1527516028D+00,  456
       313,   -0.2290867550D+02,    0.2670693529D+00,    0.3322749981D+01,    0.1353582402D-02,    0.1572528451D+00,  456
       314,   -0.2238721038D+02,    0.2677728349D+00,    0.3405943668D+01,    0.1344275264D-02,    0.1617981040D+00,  456
       315,   -0.2187761526D+02,    0.2684554739D+00,    0.3489570654D+01,    0.1334632191D-02,    0.1663855439D+00,  456
       316,   -0.2137961994D+02,    0.2691176915D+00,    0.3573588658D+01,    0.1324671812D-02,    0.1710133619D+00,  456
       317,   -0.2089296037D+02,    0.2697599139D+00,    0.3657955761D+01,    0.1314412643D-02,    0.1756797917D+00,  456
       318,   -0.2041737853D+02,    0.2703825704D+00,    0.3742630481D+01,    0.1303872519D-02,    0.1803831018D+00,  456
       319,   -0.1995262226D+02,    0.2709860925D+00,    0.3827571838D+01,    0.1293069342D-02,    0.1851215945D+00,  456
       320,   -0.1949844513D+02,    0.2715709133D+00,    0.3912739419D+01,    0.1282020819D-02,    0.1898936190D+00,  456
       321,   -0.1905460633D+02,    0.2721374664D+00,    0.3998093434D+01,    0.1270743745D-02,    0.1946975717D+00,  456
       322,   -0.1862087053D+02,    0.2726861848D+00,    0.4083594772D+01,    0.1259254981D-02,    0.1995319013D+00,  456
       323,   -0.1819700777D+02,    0.2732175008D+00,    0.4169205051D+01,    0.1247571280D-02,    0.2043950993D+00,  456
       324,   -0.1778279331D+02,    0.2737318449D+00,    0.4254886658D+01,    0.1235708216D-02,    0.2092857045D+00,  456
       325,   -0.1737800751D+02,    0.2742296449D+00,    0.4340602797D+01,    0.1223681485D-02,    0.2142023211D+00,  456
       326,   -0.1698243577D+02,    0.2747113259D+00,    0.4426317516D+01,    0.1211506374D-02,    0.2191435999D+00,  456
       327,   -0.1659586833D+02,    0.2751773092D+00,    0.4511995748D+01,    0.1199197367D-02,    0.2241082524D+00,  456
       328,   -0.1621810025D+02,    0.2756280120D+00,    0.4597603333D+01,    0.1186768741D-02,    0.2290950413D+00,  456
       329,   -0.1584893122D+02,    0.2760638469D+00,    0.4683107042D+01,    0.1174234138D-02,    0.2341027821D+00,  456
       330,   -0.1548816550D+02,    0.2764852214D+00,    0.4768474603D+01,    0.1161606974D-02,    0.2391303549D+00,  456
       331,   -0.1513561181D+02,    0.2768925377D+00,    0.4853674709D+01,    0.1148899947D-02,    0.2441766915D+00,  456
       332,   -0.1479108322D+02,    0.2772861920D+00,    0.4938677040D+01,    0.1136125251D-02,    0.2492407853D+00,  456
       333,   -0.1445439706D+02,    0.2776665745D+00,    0.5023452268D+01,    0.1123295026D-02,    0.2543216778D+00,  456
       334,   -0.1412537481D+02,    0.2780340691D+00,    0.5107972065D+01,    0.1110420241D-02,    0.2594184697D+00,  456
       335,   -0.1380384203D+02,    0.2783890527D+00,    0.5192209106D+01,    0.1097511943D-02,    0.2645303105D+00,  456
       336,   -0.1348962822D+02,    0.2787318958D+00,    0.5276137074D+01,    0.1084580865D-02,    0.2696564152D+00,  456
       337,   -0.1318256680D+02,    0.2790629616D+00,    0.5359730657D+01,    0.1071636396D-02,    0.2747960391D+00,  456
       338,   -0.1288249494D+02,    0.2793826060D+00,    0.5442965542D+01,    0.1058688086D-02,    0.2799484963D+00,  456
       339,   -0.1258925356D+02,    0.2796911777D+00,    0.5525818415D+01,    0.1045745247D-02,    0.2851131535D+00,  456
       340,   -0.1230268716D+02,    0.2799890180D+00,    0.5608266949D+01,    0.1032816373D-02,    0.2902894119D+00,  456
       341,   -0.1202264381D+02,    0.2802764606D+00,    0.5690289794D+01,    0.1019909820D-02,    0.2954767373D+00,  456
       342,   -0.1174897502D+02,    0.2805538318D+00,    0.5771866570D+01,    0.1007033104D-02,    0.3006746410D+00,  456
       343,   -0.1148153570D+02,    0.2808214500D+00,    0.5852977852D+01,    0.9941932515D-03,    0.3058826727D+00,  456
       344,   -0.1122018404D+02,    0.2810796261D+00,    0.5933605156D+01,    0.9813976320D-03,    0.3111004200D+00,  456
       345,   -0.1096478147D+02,    0.2813286635D+00,    0.6013730923D+01,    0.9686530614D-03,    0.3163275242D+00,  456
       346,   -0.1071519257D+02,    0.2815688580D+00,    0.6093338504D+01,    0.9559650694D-03,    0.3215636669D+00,  456
       347,   -0.1047128501D+02,    0.2818004975D+00,    0.6172412142D+01,    0.9433397001D-03,    0.3268085701D+00,  456
       348,   -0.1023292947D+02,    0.2820238628D+00,    0.6250936954D+01,    0.9307825075D-03,    0.3320619744D+00,  456
       349,   -0.9999999553D+01,    0.2822392269D+00,    0.6328898912D+01,    0.9182983749D-03,    0.3373236813D+00,  456
       350,   -0.9772371773D+01,    0.2824468556D+00,    0.6406284823D+01,    0.9058923276D-03,    0.3425935238D+00,  456
       351,   -0.9549925433D+01,    0.2826470073D+00,    0.6483082308D+01,    0.8935689171D-03,    0.3478713555D+00,  456
       352,   -0.9332542591D+01,    0.2828399333D+00,    0.6559279785D+01,    0.8813319572D-03,    0.3531570722D+00,  456
       353,   -0.9120107986D+01,    0.2830258775D+00,    0.6634866443D+01,    0.8691854614D-03,    0.3584505971D+00,  456
       354,   -0.8912508983D+01,    0.2832050771D+00,    0.6709832226D+01,    0.8571330540D-03,    0.3637518811D+00,  456
       355,   -0.8709635510D+01,    0.2833777621D+00,    0.6784167805D+01,    0.8451781049D-03,    0.3690609073D+00,  456
       356,   -0.8511380002D+01,    0.2835441560D+00,    0.6857864565D+01,    0.8333232703D-03,    0.3743776884D+00,  456
       357,   -0.8317637339D+01,    0.2837044752D+00,    0.6930914577D+01,    0.8215717143D-03,    0.3797022476D+00,  456
       358,   -0.8128304798D+01,    0.2838589301D+00,    0.7003310576D+01,    0.8099260919D-03,    0.3850346486D+00,  456
       359,   -0.7943281992D+01,    0.2840077242D+00,    0.7075045946D+01,    0.7983885391D-03,    0.3903749711D+00,  456
       360,   -0.7762470819D+01,    0.2841510551D+00,    0.7146114691D+01,    0.7869609122D-03,    0.3957233133D+00,  456
       361,   -0.7585775411D+01,    0.2842891138D+00,    0.7216511419D+01,    0.7756456510D-03,    0.4010798025D+00,  456
       362,   -0.7413102082D+01,    0.2844220859D+00,    0.7286231319D+01,    0.7644443297D-03,    0.4064445767D+00,  456
       363,   -0.7244359277D+01,    0.2845501505D+00,    0.7355270140D+01,    0.7533576928D-03,    0.4118177954D+00,  456
       364,   -0.7079457527D+01,    0.2846734813D+00,    0.7423624171D+01,    0.7423883420D-03,    0.4171996399D+00,  456
       365,   -0.6918309400D+01,    0.2847922465D+00,    0.7491290221D+01,    0.7315369921D-03,    0.4225903001D+00,  456
       366,   -0.6760829452D+01,    0.2849066086D+00,    0.7558265598D+01,    0.7208039594D-03,    0.4279899861D+00,  456
       367,   -0.6606934185D+01,    0.2850167248D+00,    0.7624548092D+01,    0.7101910659D-03,    0.4333989218D+00,  456
       368,   -0.6456542002D+01,    0.2851227474D+00,    0.7690135952D+01,    0.6996983725D-03,    0.4388173424D+00,  456
       369,   -0.6309573163D+01,    0.2852248232D+00,    0.7755027871D+01,    0.6893266941D-03,    0.4442455023D+00,  456
       370,   -0.6165949743D+01,    0.2853230946D+00,    0.7819222966D+01,    0.6790770004D-03,    0.4496836562D+00,  456
       371,   -0.6025595591D+01,    0.2854176989D+00,    0.7882720758D+01,    0.6689486294D-03,    0.4551320793D+00,  456
       372,   -0.5888436290D+01,    0.2855087688D+00,    0.7945521159D+01,    0.6589422759D-03,    0.4605910614D+00,  456
       373,   -0.5754399116D+01,    0.2855964326D+00,    0.8007624452D+01,    0.6490583154D-03,    0.4660608868D+00,  456
       374,   -0.5623413001D+01,    0.2856808142D+00,    0.8069031273D+01,    0.6392964455D-03,    0.4715418575D+00,  456
       375,   -0.5495408493D+01,    0.2857620332D+00,    0.8129742599D+01,    0.6296564389D-03,    0.4770342927D+00,  456
       376,   -0.5370317724D+01,    0.2858402051D+00,    0.8189759729D+01,    0.6201385701D-03,    0.4825384977D+00,  456
       377,   -0.5248074368D+01,    0.2859154415D+00,    0.8249084267D+01,    0.6107420058D-03,    0.4880548085D+00,  456
       378,   -0.5128613611D+01,    0.2859878499D+00,    0.8307718115D+01,    0.6014665608D-03,    0.4935835533D+00,  456
       379,   -0.5011872112D+01,    0.2860575343D+00,    0.8365663447D+01,    0.5923126015D-03,    0.4991250667D+00,  456
       380,   -0.4897787975D+01,    0.2861245950D+00,    0.8422922706D+01,    0.5832786118D-03,    0.5046797001D+00,  456
       381,   -0.4786300709D+01,    0.2861891286D+00,    0.8479498583D+01,    0.5743642323D-03,    0.5102478029D+00,  456
       382,   -0.4677351204D+01,    0.2862512285D+00,    0.8535394009D+01,    0.5655693334D-03,    0.5158297241D+00,  456
       383,   -0.4570881692D+01,    0.2863109847D+00,    0.8590612136D+01,    0.5568928065D-03,    0.5214258170D+00,  456
       384,   -0.4466835722D+01,    0.2863684840D+00,    0.8645156332D+01,    0.5483338791D-03,    0.5270364595D+00,  456
       385,   -0.4365158127D+01,    0.2864238101D+00,    0.8699030165D+01,    0.5398917007D-03,    0.5326620096D+00,  456
       386,   -0.4265794997D+01,    0.2864770437D+00,    0.8752237391D+01,    0.5315664213D-03,    0.5383028398D+00,  456
       387,   -0.4168693648D+01,    0.2865282628D+00,    0.8804781946D+01,    0.5233565931D-03,    0.5439593230D+00,  456
       388,   -0.4073802596D+01,    0.2865775423D+00,    0.8856667932D+01,    0.5152608967D-03,    0.5496318297D+00,  456
       389,   -0.3981071528D+01,    0.2866249546D+00,    0.8907899609D+01,    0.5072784164D-03,    0.5553207413D+00,  456
       390,   -0.3890451276D+01,    0.2866705693D+00,    0.8958481385D+01,    0.4994084707D-03,    0.5610264408D+00,  456
       391,   -0.3801893793D+01,    0.2867144537D+00,    0.9008417805D+01,    0.4916503824D-03,    0.5667493164D+00,  456
       392,   -0.3715352125D+01,    0.2867566725D+00,    0.9057713544D+01,    0.4840031906D-03,    0.5724897343D+00,  456
       393,   -0.3630780385D+01,    0.2867972882D+00,    0.9106373394D+01,    0.4764654149D-03,    0.5782481012D+00,  456
       394,   -0.3548133734D+01,    0.2868363608D+00,    0.9154402264D+01,    0.4690352752D-03,    0.5840247985D+00,  456
       395,   -0.3467368350D+01,    0.2868739482D+00,    0.9201805160D+01,    0.4617130073D-03,    0.5898202018D+00,  456
       396,   -0.3388441410D+01,    0.2869101063D+00,    0.9248587189D+01,    0.4544979697D-03,    0.5956347191D+00,  456
       397,   -0.3311311067D+01,    0.2869448889D+00,    0.9294753542D+01,    0.4473872721D-03,    0.6014687340D+00,  456
       398,   -0.3235936425D+01,    0.2869783476D+00,    0.9340309494D+01,    0.4403797052D-03,    0.6073226329D+00,  456
       399,   -0.3162277519D+01,    0.2870105323D+00,    0.9385260391D+01,    0.4334764399D-03,    0.6131968137D+00,  456
       400,   -0.3090295294D+01,    0.2870414912D+00,    0.9429611650D+01,    0.4266750310D-03,    0.6190916853D+00,  456
       401,   -0.3019951585D+01,    0.2870712704D+00,    0.9473368747D+01,    0.4199736386D-03,    0.6250076139D+00,  456
       402,   -0.2951209095D+01,    0.2870999145D+00,    0.9516537211D+01,    0.4133714342D-03,    0.6309450001D+00,  456
       403,   -0.2884031374D+01,    0.2871274663D+00,    0.9559122625D+01,    0.4068676457D-03,    0.6369042520D+00,  456
       404,   -0.2818382805D+01,    0.2871539672D+00,    0.9601130612D+01,    0.4004620392D-03,    0.6428857482D+00,  456
       405,   -0.2754228580D+01,    0.2871794570D+00,    0.9642566834D+01,    0.3941520446D-03,    0.6488898952D+00,  456
       406,   -0.2691534684D+01,    0.2872039739D+00,    0.9683436988D+01,    0.3879357451D-03,    0.6549170721D+00,  456
       407,   -0.2630267874D+01,    0.2872275547D+00,    0.9723746797D+01,    0.3818136067D-03,    0.6609676891D+00,  456
       408,   -0.2570395668D+01,    0.2872502350D+00,    0.9763502011D+01,    0.3757844112D-03,    0.6670421447D+00,  456
       409,   -0.2511886319D+01,    0.2872720489D+00,    0.9802708397D+01,    0.3698462504D-03,    0.6731408216D+00,  456
       410,   -0.2454708806D+01,    0.2872930293D+00,    0.9841371739D+01,    0.3639979780D-03,    0.6792641148D+00,  456
       411,   -0.2398832812D+01,    0.2873132078D+00,    0.9879497830D+01,    0.3582386101D-03,    0.6854124125D+00,  456
       412,   -0.2344228711D+01,    0.2873326149D+00,    0.9917092473D+01,    0.3525672098D-03,    0.6915861286D+00,  456
       413,   -0.2290867550D+01,    0.2873512799D+00,    0.9954161475D+01,    0.3469821256D-03,    0.6977856361D+00,  456
       414,   -0.2238721038D+01,    0.2873692310D+00,    0.9990710640D+01,    0.3414828049D-03,    0.7040113084D+00,  456
       415,   -0.2187761526D+01,    0.2873864954D+00,    0.1002674577D+02,    0.3360678975D-03,    0.7102636172D+00,  456
       416,   -0.2137961994D+01,    0.2874030992D+00,    0.1006227267D+02,    0.3307363806D-03,    0.7165429829D+00,  456
       417,   -0.2089296037D+01,    0.2874190676D+00,    0.1009729713D+02,    0.3254863589D-03,    0.7228496669D+00,  456
       418,   -0.2041737853D+01,    0.2874344247D+00,    0.1013182492D+02,    0.3203174374D-03,    0.7291840198D+00,  456
       419,   -0.1995262226D+01,    0.2874491939D+00,    0.1016586180D+02,    0.3152282675D-03,    0.7355466390D+00,  456
       420,   -0.1949844513D+01,    0.2874633975D+00,    0.1019941353D+02,    0.3102181858D-03,    0.7419377649D+00,  456
       421,   -0.1905460633D+01,    0.2874770572D+00,    0.1023248582D+02,    0.3052854952D-03,    0.7483578048D+00,  456
       422,   -0.1862087053D+01,    0.2874901936D+00,    0.1026508439D+02,    0.3004293015D-03,    0.7548073291D+00,  456
       423,   -0.1819700777D+01,    0.2875028268D+00,    0.1029721492D+02,    0.2956488058D-03,    0.7612864889D+00,  456
       424,   -0.1778279331D+01,    0.2875149759D+00,    0.1032888306D+02,    0.2909416584D-03,    0.7677957997D+00,  456
       425,   -0.1737800751D+01,    0.2875266594D+00,    0.1036009445D+02,    0.2863082834D-03,    0.7743356332D+00,  456
       426,   -0.1698243577D+01,    0.2875378951D+00,    0.1039085468D+02,    0.2817473247D-03,    0.7809063790D+00,  456
       427,   -0.1659586833D+01,    0.2875487001D+00,    0.1042116933D+02,    0.2772580877D-03,    0.7875084685D+00,  456
       428,   -0.1621810025D+01,    0.2875590909D+00,    0.1045104393D+02,    0.2728391755D-03,    0.7941421235D+00,  456
       429,   -0.1584893122D+01,    0.2875690833D+00,    0.1048048398D+02,    0.2684871732D-03,    0.8008078244D+00,  456
       430,   -0.1548816550D+01,    0.2875786924D+00,    0.1050949495D+02,    0.2642050567D-03,    0.8075062819D+00,  456
       431,   -0.1513561181D+01,    0.2875879331D+00,    0.1053808229D+02,    0.2599906588D-03,    0.8142375314D+00,  456
       432,   -0.1479108322D+01,    0.2875968193D+00,    0.1056625137D+02,    0.2558418210D-03,    0.8210017689D+00,  456
       433,   -0.1445439706D+01,    0.2876053647D+00,    0.1059400755D+02,    0.2517580105D-03,    0.8277999415D+00,  456
       434,   -0.1412537481D+01,    0.2876135822D+00,    0.1062135616D+02,    0.2477371396D-03,    0.8346321700D+00,  456
       435,   -0.1380384203D+01,    0.2876214844D+00,    0.1064830246D+02,    0.2437807927D-03,    0.8414988732D+00,  456
       436,   -0.1348962822D+01,    0.2876290834D+00,    0.1067485170D+02,    0.2398871064D-03,    0.8484003566D+00,  456
       437,   -0.1318256680D+01,    0.2876363908D+00,    0.1070100905D+02,    0.2360535501D-03,    0.8553367762D+00,  456
       438,   -0.1288249494D+01,    0.2876434177D+00,    0.1072677966D+02,    0.2322803624D-03,    0.8623091348D+00,  456
       439,   -0.1258925356D+01,    0.2876501749D+00,    0.1075216865D+02,    0.2285689012D-03,    0.8693176475D+00,  456
       440,   -0.1230268716D+01,    0.2876566728D+00,    0.1077718107D+02,    0.2249148335D-03,    0.8763621709D+00,  456
       441,   -0.1202264381D+01,    0.2876629212D+00,    0.1080182192D+02,    0.2213187880D-03,    0.8834436514D+00,  456
       442,   -0.1174897502D+01,    0.2876689298D+00,    0.1082609619D+02,    0.2177785166D-03,    0.8905627083D+00,  456
       443,   -0.1148153570D+01,    0.2876747076D+00,    0.1085000880D+02,    0.2142937843D-03,    0.8977190536D+00,  456
       444,   -0.1122018404D+01,    0.2876802636D+00,    0.1087356461D+02,    0.2108670427D-03,    0.9049133098D+00,  456
       445,   -0.1096478147D+01,    0.2876856063D+00,    0.1089676846D+02,    0.2074930046D-03,    0.9121459566D+00,  456
       446,   -0.1071519257D+01,    0.2876907438D+00,    0.1091962512D+02,    0.2041716044D-03,    0.9194175020D+00,  456
       447,   -0.1047128501D+01,    0.2876956840D+00,    0.1094213934D+02,    0.2009021019D-03,    0.9267284637D+00,  456
       448,   -0.1023292947D+01,    0.2877004344D+00,    0.1096431580D+02,    0.1976880139D-03,    0.9340791463D+00,  456
       449,   -0.9999999776D+00,    0.2877050025D+00,    0.1098615913D+02,    0.1926646336D-03,    0.9457862421D+00,  456
       450,   -0.8999999799D+00,    0.2887237661D+00,    0.1108198635D+02,    0.1803188718D-03,    0.9763151785D+00,  456
       451,   -0.7999999821D+00,    0.2897411212D+00,    0.1118149141D+02,    0.1659304643D-03,    0.1015911420D+01,  456
       452,   -0.6999999844D+00,    0.2907570163D+00,    0.1128525797D+02,    0.1509693739D-03,    0.1062270814D+01,  456
       453,   -0.5999999866D+00,    0.2917713914D+00,    0.1139406509D+02,    0.1353204693D-03,    0.1117863333D+01,  456
       454,   -0.4999999888D+00,    0.2927841738D+00,    0.1150899837D+02,    0.1188182719D-03,    0.1186724493D+01,  456
       455,   -0.3999999911D+00,    0.2937952736D+00,    0.1163166146D+02,    0.1012038691D-03,    0.1276087419D+01,  456
       456,   -0.2999999933D+00,    0.2948045734D+00,    0.1176463141D+02,    0.8201740190D-04,    0.1400871706D+01,  456
       457,   -0.1999999955D+00,    0.2958119090D+00,    0.1191264078D+02,    0.6022968422D-04,    0.1600573235D+01,  456
       458,   -0.9999999776D-01,    0.2968170178D+00,    0.1208688126D+02,    0.3137566043D-04,    0.2147873800D+01,  456
       459,    0.0000000000D+00,    0.2978192818D+00,    0.1236680984D+02,    0.1000000000D-06,    0.3124991894D+01,  456
