         1,   -0.9999999553D+07,    0.1667421459D+00,    0.1313558884D-09,    0.1770169966D-08,    0.4335447384D-16,  457
         2,   -0.7943281992D+07,    0.1706405921D+00,    0.1908011602D-09,    0.2146069724D-08,    0.0000000000D+00,  457
         3,   -0.6309573163D+07,    0.1746359976D+00,    0.2771484479D-09,    0.2768937329D-08,    0.0000000000D+00,  457
         4,   -0.5011872112D+07,    0.1787307735D+00,    0.4025722706D-09,    0.3572583318D-08,    0.0000000000D+00,  457
         5,   -0.3981071528D+07,    0.1829273905D+00,    0.5847567194D-09,    0.4609475570D-08,    0.0000000000D+00,  457
         6,   -0.3162277519D+07,    0.1872283805D+00,    0.8493887992D-09,    0.5947309763D-08,    0.0000000000D+00,  457
         7,   -0.2511886319D+07,    0.1916363381D+00,    0.1233780118D-08,    0.7673428801D-08,    0.0000000000D+00,  457
         8,   -0.1995262226D+07,    0.1961539221D+00,    0.1792127539D-08,    0.9900524369D-08,    0.1413187313D-14,  457
         9,   -0.1584893122D+07,    0.2007838566D+00,    0.2603154482D-08,    0.1277399348D-07,    0.2584225526D-14,  457
        10,   -0.1258925356D+07,    0.2055289329D+00,    0.3781210169D-08,    0.1648142999D-07,    0.4725642249D-14,  457
        11,   -0.9999999553D+06,    0.2103920107D+00,    0.5492391622D-08,    0.2126486869D-07,    0.8641535999D-14,  457
        12,   -0.7943281992D+06,    0.2153760194D+00,    0.7977961221D-08,    0.2743658334D-07,    0.1580231178D-13,  457
        13,   -0.6309573163D+06,    0.2204839597D+00,    0.1158836107D-07,    0.3539946595D-07,    0.2889680087D-13,  457
        14,   -0.5011872112D+06,    0.2257189043D+00,    0.1683261900D-07,    0.4567331790D-07,    0.5284187306D-13,  457
        15,   -0.3981071528D+06,    0.2310839995D+00,    0.2445011033D-07,    0.5892876651D-07,    0.9662861124D-13,  457
        16,   -0.3162277519D+06,    0.2365824657D+00,    0.3551478989D-07,    0.7603101105D-07,    0.1766981919D-12,  457
        17,   -0.2511886319D+06,    0.2422175981D+00,    0.5158658379D-07,    0.9809625094D-07,    0.3231148875D-12,  457
        18,   -0.1995262226D+06,    0.2479927667D+00,    0.7493127401D-07,    0.1265644600D-06,    0.5908536058D-12,  457
        19,   -0.1584893122D+06,    0.2539114161D+00,    0.1088398549D-06,    0.1632932307D-06,    0.1080439134D-11,  457
        20,   -0.1258925356D+06,    0.2599770639D+00,    0.1580923454D-06,    0.2106787722D-06,    0.1975684032D-11,  457
        21,   -0.9999999553D+05,    0.2661932989D+00,    0.2296313697D-06,    0.2718119020D-06,    0.3612688393D-11,  457
        22,   -0.7943281992D+05,    0.2725637777D+00,    0.3335403238D-06,    0.3506790551D-06,    0.6605993454D-11,  457
        23,   -0.6309573163D+05,    0.2790922189D+00,    0.4844637542D-06,    0.4524212664D-06,    0.1207921838D-10,  457
        24,   -0.5011872112D+05,    0.2857823960D+00,    0.7036696745D-06,    0.5836676939D-06,    0.2208668686D-10,  457
        25,   -0.3981071528D+05,    0.2926381262D+00,    0.1022043579D-05,    0.7529648421D-06,    0.4038413306D-10,  457
        26,   -0.3162277519D+05,    0.2996632555D+00,    0.1484434390D-05,    0.9713286442D-06,    0.7383734197D-10,  457
        27,   -0.2511886319D+05,    0.3068616383D+00,    0.2155961540D-05,    0.1252953833D-05,    0.1349963813D-09,  457
        28,   -0.1995262226D+05,    0.3142371096D+00,    0.3131165769D-05,    0.1616124314D-05,    0.2467990092D-09,  457
        29,   -0.1584893122D+05,    0.3217934476D+00,    0.4547281387D-05,    0.2011830981D-05,    0.4203201674D-09,  457
        30,   -0.1548816550D+05,    0.3225591716D+00,    0.4720142861D-05,    0.2149595954D-05,    0.4936554125D-09,  457
        31,   -0.1513561181D+05,    0.3233267448D+00,    0.4899572671D-05,    0.2204977225D-05,    0.5243485574D-09,  457
        32,   -0.1479108322D+05,    0.3240961707D+00,    0.5085820214D-05,    0.2261782478D-05,    0.5569494967D-09,  457
        33,   -0.1445439706D+05,    0.3248674528D+00,    0.5279144343D-05,    0.2320048381D-05,    0.5915767593D-09,  457
        34,   -0.1412537481D+05,    0.3256405947D+00,    0.5479813727D-05,    0.2379812440D-05,    0.6283562467D-09,  457
        35,   -0.1380384203D+05,    0.3264155999D+00,    0.5688107222D-05,    0.2441112878D-05,    0.6674216553D-09,  457
        36,   -0.1348962822D+05,    0.3271924719D+00,    0.5904314256D-05,    0.2503989132D-05,    0.7089150000D-09,  457
        37,   -0.1318256680D+05,    0.3279712142D+00,    0.6128735227D-05,    0.2568481601D-05,    0.7529871066D-09,  457
        38,   -0.1288249494D+05,    0.3287518303D+00,    0.6361681923D-05,    0.2634631408D-05,    0.7997981681D-09,  457
        39,   -0.1258925356D+05,    0.3295343235D+00,    0.6603477947D-05,    0.2702480870D-05,    0.8495183185D-09,  457
        40,   -0.1230268716D+05,    0.3303186972D+00,    0.6854459166D-05,    0.2772074024D-05,    0.9023282388D-09,  457
        41,   -0.1202264381D+05,    0.3311049550D+00,    0.7114974177D-05,    0.2843455103D-05,    0.9584198586D-09,  457
        42,   -0.1174897502D+05,    0.3318931000D+00,    0.7385384784D-05,    0.2916669552D-05,    0.1017997000D-08,  457
        43,   -0.1148153570D+05,    0.3326831356D+00,    0.7666066499D-05,    0.2991764888D-05,    0.1081276132D-08,  457
        44,   -0.1122018404D+05,    0.3334750652D+00,    0.7957409061D-05,    0.3068788675D-05,    0.1148487134D-08,  457
        45,   -0.1096478147D+05,    0.3342688919D+00,    0.8259816970D-05,    0.3147790333D-05,    0.1219874189D-08,  457
        46,   -0.1071519257D+05,    0.3350646191D+00,    0.8573710048D-05,    0.3228820547D-05,    0.1295696629D-08,  457
        47,   -0.1047128501D+05,    0.3358622499D+00,    0.8899524017D-05,    0.3311930877D-05,    0.1376229882D-08,  457
        48,   -0.1023292947D+05,    0.3366617875D+00,    0.9237711099D-05,    0.3397174409D-05,    0.1461766373D-08,  457
        49,   -0.9999999553D+04,    0.3374632350D+00,    0.9588740635D-05,    0.3484605616D-05,    0.1552616778D-08,  457
        50,   -0.9772371773D+04,    0.3382665955D+00,    0.9953099739D-05,    0.3574280567D-05,    0.1649111052D-08,  457
        51,   -0.9549925433D+04,    0.3390718721D+00,    0.1033129396D-04,    0.3666256562D-05,    0.1751599527D-08,  457
        52,   -0.9332542591D+04,    0.3398790679D+00,    0.1072384799D-04,    0.3760591811D-05,    0.1860454303D-08,  457
        53,   -0.9120107986D+04,    0.3406881857D+00,    0.1113130636D-04,    0.3857346379D-05,    0.1976070541D-08,  457
        54,   -0.8912508983D+04,    0.3414992285D+00,    0.1155423422D-04,    0.3956582615D-05,    0.2098867962D-08,  457
        55,   -0.8709635510D+04,    0.3423121993D+00,    0.1199321810D-04,    0.4058363240D-05,    0.2229292302D-08,  457
        56,   -0.8511380002D+04,    0.3431271008D+00,    0.1244886673D-04,    0.4162752989D-05,    0.2367816820D-08,  457
        57,   -0.8317637339D+04,    0.3439439359D+00,    0.1292181182D-04,    0.4269818796D-05,    0.2514944229D-08,  457
        58,   -0.8128304798D+04,    0.3447627074D+00,    0.1341270903D-04,    0.4379628524D-05,    0.2671208446D-08,  457
        59,   -0.7943281992D+04,    0.3455834180D+00,    0.1392223877D-04,    0.4492251409D-05,    0.2837176293D-08,  457
        60,   -0.7762470819D+04,    0.3464060702D+00,    0.1445110718D-04,    0.4607759533D-05,    0.3013449907D-08,  457
        61,   -0.7585775411D+04,    0.3472306668D+00,    0.1500004711D-04,    0.4726226574D-05,    0.3200668680D-08,  457
        62,   -0.7413102082D+04,    0.3480572103D+00,    0.1556981909D-04,    0.4847726858D-05,    0.3399511577D-08,  457
        63,   -0.7244359277D+04,    0.3488857031D+00,    0.1616121240D-04,    0.4972338044D-05,    0.3610699701D-08,  457
        64,   -0.7079457527D+04,    0.3497161478D+00,    0.1677504614D-04,    0.5100138928D-05,    0.3834998760D-08,  457
        65,   -0.6918309400D+04,    0.3505485466D+00,    0.1741217033D-04,    0.5231210474D-05,    0.4073221942D-08,  457
        66,   -0.6760829452D+04,    0.3513829020D+00,    0.1807346713D-04,    0.5365635735D-05,    0.4326232795D-08,  457
        67,   -0.6606934185D+04,    0.3522192161D+00,    0.1875985198D-04,    0.5503499523D-05,    0.4594948307D-08,  457
        68,   -0.6456542002D+04,    0.3530574912D+00,    0.1947227490D-04,    0.5644889443D-05,    0.4880342339D-08,  457
        69,   -0.6309573163D+04,    0.3538977294D+00,    0.2021172177D-04,    0.5789894261D-05,    0.5183448927D-08,  457
        70,   -0.6165949743D+04,    0.3547399327D+00,    0.2097921566D-04,    0.5938605643D-05,    0.5505366181D-08,  457
        71,   -0.6025595591D+04,    0.3555841031D+00,    0.2177581826D-04,    0.6091117936D-05,    0.5847260296D-08,  457
        72,   -0.5888436290D+04,    0.3564302426D+00,    0.2260263132D-04,    0.6247526390D-05,    0.6210369412D-08,  457
        73,   -0.5754399116D+04,    0.3572783528D+00,    0.2346079810D-04,    0.6407929663D-05,    0.6596008409D-08,  457
        74,   -0.5623413001D+04,    0.3581284356D+00,    0.2435150502D-04,    0.6572429680D-05,    0.7005573595D-08,  457
        75,   -0.5495408493D+04,    0.3589804927D+00,    0.2527598320D-04,    0.6741129043D-05,    0.7440547550D-08,  457
        76,   -0.5370317724D+04,    0.3598345256D+00,    0.2623551017D-04,    0.6914134013D-05,    0.7902504607D-08,  457
        77,   -0.5248074368D+04,    0.3606905359D+00,    0.2723141159D-04,    0.7091552697D-05,    0.8393116478D-08,  457
        78,   -0.5128613611D+04,    0.3615485248D+00,    0.2826506308D-04,    0.7273496658D-05,    0.8914158190D-08,  457
        79,   -0.5011872112D+04,    0.3624084938D+00,    0.2933789204D-04,    0.7460080339D-05,    0.9467514594D-08,  457
        80,   -0.4897787975D+04,    0.3632704440D+00,    0.3045137965D-04,    0.7651420057D-05,    0.1005518704D-07,  457
        81,   -0.4786300709D+04,    0.3641343766D+00,    0.3160706282D-04,    0.7847635496D-05,    0.1067930051D-07,  457
        82,   -0.4677351204D+04,    0.3650002925D+00,    0.3280653632D-04,    0.8048849737D-05,    0.1134211147D-07,  457
        83,   -0.4570881692D+04,    0.3658681928D+00,    0.3405145491D-04,    0.8255187962D-05,    0.1204601549D-07,  457
        84,   -0.4466835722D+04,    0.3667380781D+00,    0.3534353558D-04,    0.8466778444D-05,    0.1279355643D-07,  457
        85,   -0.4365158127D+04,    0.3676099492D+00,    0.3668455990D-04,    0.8683754101D-05,    0.1358743518D-07,  457
        86,   -0.4265794997D+04,    0.3684838067D+00,    0.3807637639D-04,    0.8906249139D-05,    0.1443051944D-07,  457
        87,   -0.4168693648D+04,    0.3693596510D+00,    0.3952090306D-04,    0.9134401494D-05,    0.1532585396D-07,  457
        88,   -0.4073802596D+04,    0.3702374824D+00,    0.4102012996D-04,    0.9368353541D-05,    0.1627667124D-07,  457
        89,   -0.3981071528D+04,    0.3711173012D+00,    0.4257612186D-04,    0.9608250608D-05,    0.1728640340D-07,  457
        90,   -0.3890451276D+04,    0.3719991075D+00,    0.4419102108D-04,    0.9854240063D-05,    0.1835869459D-07,  457
        91,   -0.3801893793D+04,    0.3728829011D+00,    0.4586705032D-04,    0.1010647502D-04,    0.1949741356D-07,  457
        92,   -0.3715352125D+04,    0.3737686820D+00,    0.4760651567D-04,    0.1036511166D-04,    0.2070666742D-07,  457
        93,   -0.3630780385D+04,    0.3746564498D+00,    0.4941180971D-04,    0.1063030839D-04,    0.2199081695D-07,  457
        94,   -0.3548133734D+04,    0.3755462040D+00,    0.5128541471D-04,    0.1090222915D-04,    0.2335449167D-07,  457
        95,   -0.3467368350D+04,    0.3764379440D+00,    0.5322990599D-04,    0.1118104173D-04,    0.2480260601D-07,  457
        96,   -0.3388441410D+04,    0.3773316691D+00,    0.5524795531D-04,    0.1146691711D-04,    0.2634037785D-07,  457
        97,   -0.3311311067D+04,    0.3782273783D+00,    0.5734233450D-04,    0.1176003014D-04,    0.2797334635D-07,  457
        98,   -0.3235936425D+04,    0.3791250705D+00,    0.5951591914D-04,    0.1206056110D-04,    0.2970739137D-07,  457
        99,   -0.3162277519D+04,    0.3800247445D+00,    0.6177169240D-04,    0.1236869415D-04,    0.3154875517D-07,  457
       100,   -0.3090295294D+04,    0.3809263989D+00,    0.6411274902D-04,    0.1268461658D-04,    0.3350406454D-07,  457
       101,   -0.3019951585D+04,    0.3818300320D+00,    0.6654229944D-04,    0.1300852142D-04,    0.3558035375D-07,  457
       102,   -0.2951209095D+04,    0.3827356421D+00,    0.6906367404D-04,    0.1334060538D-04,    0.3778508923D-07,  457
       103,   -0.2884031374D+04,    0.3836432271D+00,    0.7168032763D-04,    0.1368107169D-04,    0.4012619759D-07,  457
       104,   -0.2818382805D+04,    0.3845527851D+00,    0.7439584396D-04,    0.1403012635D-04,    0.4261209286D-07,  457
       105,   -0.2754228580D+04,    0.3854643135D+00,    0.7721394053D-04,    0.1438797902D-04,    0.4525170546D-07,  457
       106,   -0.2691534684D+04,    0.3863778098D+00,    0.8013847345D-04,    0.1475484907D-04,    0.4805451440D-07,  457
       107,   -0.2630267874D+04,    0.3872932714D+00,    0.8317344262D-04,    0.1513095597D-04,    0.5103058229D-07,  457
       108,   -0.2570395668D+04,    0.3882106951D+00,    0.8632299692D-04,    0.1551652557D-04,    0.5419058891D-07,  457
       109,   -0.2511886319D+04,    0.3891300778D+00,    0.8959143977D-04,    0.1591179072D-04,    0.5754586907D-07,  457
       110,   -0.2454708806D+04,    0.3900514160D+00,    0.9298323469D-04,    0.1631698916D-04,    0.6110845434D-07,  457
       111,   -0.2398832812D+04,    0.3909747062D+00,    0.9650301129D-04,    0.1673236309D-04,    0.6489111298D-07,  457
       112,   -0.2344228711D+04,    0.3918999444D+00,    0.1001555712D-03,    0.1715815945D-04,    0.6890739724D-07,  457
       113,   -0.2290867550D+04,    0.3928271265D+00,    0.1039458946D-03,    0.1759463313D-04,    0.7317168988D-07,  457
       114,   -0.2238721038D+04,    0.3937562481D+00,    0.1078791463D-03,    0.1804204302D-04,    0.7769925605D-07,  457
       115,   -0.2187761526D+04,    0.3946873045D+00,    0.1119606831D-03,    0.1850065531D-04,    0.8250629436D-07,  457
       116,   -0.2137961994D+04,    0.3956202909D+00,    0.1161960602D-03,    0.1897074079D-04,    0.8760999398D-07,  457
       117,   -0.2089296037D+04,    0.3965552020D+00,    0.1205910388D-03,    0.1945257682D-04,    0.9302859937D-07,  457
       118,   -0.2041737853D+04,    0.3974920324D+00,    0.1251515933D-03,    0.1994644909D-04,    0.9878146966D-07,  457
       119,   -0.1995262226D+04,    0.3984307764D+00,    0.1298839193D-03,    0.2045264495D-04,    0.1048891473D-06,  457
       120,   -0.1949844513D+04,    0.3993714278D+00,    0.1347944416D-03,    0.2097146303D-04,    0.1113734313D-06,  457
       121,   -0.1905460633D+04,    0.4003139805D+00,    0.1398898224D-03,    0.2150320584D-04,    0.1182574505D-06,  457
       122,   -0.1862087053D+04,    0.4012584276D+00,    0.1451769697D-03,    0.2204818142D-04,    0.1255657502D-06,  457
       123,   -0.1819700777D+04,    0.4022047622D+00,    0.1506630467D-03,    0.2260671044D-04,    0.1333243729D-06,  457
       124,   -0.1778279331D+04,    0.4031529771D+00,    0.1563554805D-03,    0.2317911410D-04,    0.1415609418D-06,  457
       125,   -0.1737800751D+04,    0.4041030646D+00,    0.1622619719D-03,    0.2376572094D-04,    0.1503047769D-06,  457
       126,   -0.1698243577D+04,    0.4050550166D+00,    0.1683905052D-03,    0.2436687215D-04,    0.1595869773D-06,  457
       127,   -0.1659586833D+04,    0.4060088250D+00,    0.1747493582D-03,    0.2498291316D-04,    0.1694405394D-06,  457
       128,   -0.1621810025D+04,    0.4069644810D+00,    0.1813471131D-03,    0.2561419189D-04,    0.1799004709D-06,  457
       129,   -0.1584893122D+04,    0.4079219754D+00,    0.1881926670D-03,    0.2626107197D-04,    0.1910038988D-06,  457
       130,   -0.1548816550D+04,    0.4088812990D+00,    0.1952952434D-03,    0.2692392123D-04,    0.2027902198D-06,  457
       131,   -0.1513561181D+04,    0.4098424418D+00,    0.2026644038D-03,    0.2760311195D-04,    0.2153012218D-06,  457
       132,   -0.1479108322D+04,    0.4108053936D+00,    0.2103100598D-03,    0.2829903030D-04,    0.2285812326D-06,  457
       133,   -0.1445439706D+04,    0.4117701438D+00,    0.2182424856D-03,    0.2901206779D-04,    0.2426772648D-06,  457
       134,   -0.1412537481D+04,    0.4127366814D+00,    0.2264723305D-03,    0.2974262029D-04,    0.2576391885D-06,  457
       135,   -0.1380384203D+04,    0.4137049947D+00,    0.2350106327D-03,    0.3049109543D-04,    0.2735198926D-06,  457
       136,   -0.1348962822D+04,    0.4146750719D+00,    0.2438688328D-03,    0.3125791239D-04,    0.2903754779D-06,  457
       137,   -0.1318256680D+04,    0.4156469006D+00,    0.2530587882D-03,    0.3204349216D-04,    0.3082654344D-06,  457
       138,   -0.1288249494D+04,    0.4166204679D+00,    0.2625927874D-03,    0.3284826967D-04,    0.3272528567D-06,  457
       139,   -0.1258925356D+04,    0.4175957606D+00,    0.2724835658D-03,    0.3367268402D-04,    0.3474046537D-06,  457
       140,   -0.1230268716D+04,    0.4185727647D+00,    0.2827443206D-03,    0.3451718583D-04,    0.3687917658D-06,  457
       141,   -0.1202264381D+04,    0.4195514661D+00,    0.2933887277D-03,    0.3538223661D-04,    0.3914894386D-06,  457
       142,   -0.1174897502D+04,    0.4205318499D+00,    0.3044309581D-03,    0.3626829933D-04,    0.4155774452D-06,  457
       143,   -0.1148153570D+04,    0.4215139007D+00,    0.3158856952D-03,    0.3717585325D-04,    0.4411403644D-06,  457
       144,   -0.1122018404D+04,    0.4224976027D+00,    0.3277681526D-03,    0.3810538307D-04,    0.4682678626D-06,  457
       145,   -0.1096478147D+04,    0.4234829394D+00,    0.3400940926D-03,    0.3905738628D-04,    0.4970550199D-06,  457
       146,   -0.1071519257D+04,    0.4244698940D+00,    0.3528798452D-03,    0.4003236620D-04,    0.5276026269D-06,  457
       147,   -0.1047128501D+04,    0.4254584488D+00,    0.3661423275D-03,    0.4103083382D-04,    0.5600175373D-06,  457
       148,   -0.1023292947D+04,    0.4264485857D+00,    0.3798990644D-03,    0.4205331178D-04,    0.5944129837D-06,  457
       149,   -0.9999999553D+03,    0.4274402859D+00,    0.3941682089D-03,    0.4310033802D-04,    0.6309090299D-06,  457
       150,   -0.9772371773D+03,    0.4284335303D+00,    0.4089685642D-03,    0.4417245243D-04,    0.6696329388D-06,  457
       151,   -0.9549925433D+03,    0.4294282987D+00,    0.4243196054D-03,    0.4527020196D-04,    0.7107195511D-06,  457
       152,   -0.9332542591D+03,    0.4304245706D+00,    0.4402415029D-03,    0.4639415251D-04,    0.7543117984D-06,  457
       153,   -0.9120107986D+03,    0.4314223247D+00,    0.4567551455D-03,    0.4754487290D-04,    0.8005611424D-06,  457
       154,   -0.8912508983D+03,    0.4324215391D+00,    0.4738821653D-03,    0.4872294498D-04,    0.8496280941D-06,  457
       155,   -0.8709635510D+03,    0.4334221912D+00,    0.4916449624D-03,    0.4992895853D-04,    0.9016827211D-06,  457
       156,   -0.8511380002D+03,    0.4344242577D+00,    0.5100667307D-03,    0.5116351344D-04,    0.9569052252D-06,  457
       157,   -0.8317637339D+03,    0.4354277146D+00,    0.5291714851D-03,    0.5242721783D-04,    0.1015486533D-05,  457
       158,   -0.8128304798D+03,    0.4364325371D+00,    0.5489840883D-03,    0.5372069563D-04,    0.1077628912D-05,  457
       159,   -0.7943281992D+03,    0.4374386999D+00,    0.5695302794D-03,    0.5504457043D-04,    0.1143546625D-05,  457
       160,   -0.7762470819D+03,    0.4384461765D+00,    0.5908367028D-03,    0.5639948146D-04,    0.1213466652D-05,  457
       161,   -0.7585775411D+03,    0.4394549401D+00,    0.6129309385D-03,    0.5778608180D-04,    0.1287629409D-05,  457
       162,   -0.7413102082D+03,    0.4404649628D+00,    0.6358415325D-03,    0.5920502301D-04,    0.1366289521D-05,  457
       163,   -0.7244359277D+03,    0.4414762160D+00,    0.6595980289D-03,    0.6065698194D-04,    0.1449716660D-05,  457
       164,   -0.7079457527D+03,    0.4424886705D+00,    0.6842310023D-03,    0.6214262888D-04,    0.1538196407D-05,  457
       165,   -0.6918309400D+03,    0.4435022958D+00,    0.7097720912D-03,    0.6366264574D-04,    0.1632031153D-05,  457
       166,   -0.6760829452D+03,    0.4445170609D+00,    0.7362540330D-03,    0.6521773441D-04,    0.1731541086D-05,  457
       167,   -0.6606934185D+03,    0.4455329338D+00,    0.7637106991D-03,    0.6680860122D-04,    0.1837065201D-05,  457
       168,   -0.6456542002D+03,    0.4465498818D+00,    0.7921771313D-03,    0.6843595594D-04,    0.1948962379D-05,  457
       169,   -0.6309573163D+03,    0.4475678710D+00,    0.8216895795D-03,    0.7010051742D-04,    0.2067612514D-05,  457
       170,   -0.6165949743D+03,    0.4485868668D+00,    0.8522855398D-03,    0.7180302486D-04,    0.2193417727D-05,  457
       171,   -0.6025595591D+03,    0.4496068337D+00,    0.8840037945D-03,    0.7354421001D-04,    0.2326803627D-05,  457
       172,   -0.5888436290D+03,    0.4506277350D+00,    0.9168844521D-03,    0.7532482374D-04,    0.2468220616D-05,  457
       173,   -0.5754399116D+03,    0.4516495334D+00,    0.9509689892D-03,    0.7714562679D-04,    0.2618145327D-05,  457
       174,   -0.5623413001D+03,    0.4526721904D+00,    0.9863002931D-03,    0.7900737334D-04,    0.2777082053D-05,  457
       175,   -0.5495408493D+03,    0.4536956665D+00,    0.1022922705D-02,    0.8091083413D-04,    0.2945564431D-05,  457
       176,   -0.5370317724D+03,    0.4547199212D+00,    0.1060882067D-02,    0.8285678792D-04,    0.3124156924D-05,  457
       177,   -0.5248074368D+03,    0.4557449130D+00,    0.1100225764D-02,    0.8484602136D-04,    0.3313456603D-05,  457
       178,   -0.5128613611D+03,    0.4567705994D+00,    0.1141002775D-02,    0.8687932918D-04,    0.3514095094D-05,  457
       179,   -0.5011872112D+03,    0.4577969369D+00,    0.1183263719D-02,    0.8895750134D-04,    0.3726740337D-05,  457
       180,   -0.4897787975D+03,    0.4588238807D+00,    0.1227060905D-02,    0.9108133759D-04,    0.3952098656D-05,  457
       181,   -0.4786300709D+03,    0.4598513851D+00,    0.1272448382D-02,    0.9325165364D-04,    0.4190916902D-05,  457
       182,   -0.4677351204D+03,    0.4608794033D+00,    0.1319481991D-02,    0.9546925825D-04,    0.4443984725D-05,  457
       183,   -0.4570881692D+03,    0.4619078873D+00,    0.1368219418D-02,    0.9773495967D-04,    0.4712136864D-05,  457
       184,   -0.4466835722D+03,    0.4629367879D+00,    0.1418720248D-02,    0.1000495909D-03,    0.4996255710D-05,  457
       185,   -0.4365158127D+03,    0.4639660551D+00,    0.1471046020D-02,    0.1024139709D-03,    0.5297273822D-05,  457
       186,   -0.4265794997D+03,    0.4649956373D+00,    0.1525260283D-02,    0.1048289161D-03,    0.5616176623D-05,  457
       187,   -0.4168693648D+03,    0.4660254820D+00,    0.1581428652D-02,    0.1072952665D-03,    0.5954005527D-05,  457
       188,   -0.4073802596D+03,    0.4670555355D+00,    0.1639618872D-02,    0.1098138445D-03,    0.6311860775D-05,  457
       189,   -0.3981071528D+03,    0.4680857428D+00,    0.1699900871D-02,    0.1123854783D-03,    0.6690904386D-05,  457
       190,   -0.3890451276D+03,    0.4691160478D+00,    0.1762346824D-02,    0.1150109990D-03,    0.7092364072D-05,  457
       191,   -0.3801893793D+03,    0.4701463931D+00,    0.1827031216D-02,    0.1176912264D-03,    0.7517536429D-05,  457
       192,   -0.3715352125D+03,    0.4711767200D+00,    0.1894030904D-02,    0.1204269939D-03,    0.7967790284D-05,  457
       193,   -0.3630780385D+03,    0.4722069688D+00,    0.1963425179D-02,    0.1232191372D-03,    0.8444571250D-05,  457
       194,   -0.3548133734D+03,    0.4732370785D+00,    0.2035295837D-02,    0.1260684527D-03,    0.8949405292D-05,  457
       195,   -0.3467368350D+03,    0.4742669865D+00,    0.2109727238D-02,    0.1289757605D-03,    0.9483902976D-05,  457
       196,   -0.3388441410D+03,    0.4752966294D+00,    0.2186806381D-02,    0.1319418874D-03,    0.1004976434D-04,  457
       197,   -0.3311311067D+03,    0.4763259423D+00,    0.2266622964D-02,    0.1349676208D-03,    0.1064878305D-04,  457
       198,   -0.3235936425D+03,    0.4773548590D+00,    0.2349269461D-02,    0.1380537522D-03,    0.1128285165D-04,  457
       199,   -0.3162277519D+03,    0.4783833120D+00,    0.2434841187D-02,    0.1412010869D-03,    0.1195396661D-04,  457
       200,   -0.3090295294D+03,    0.4794112328D+00,    0.2523436373D-02,    0.1444103960D-03,    0.1266423378D-04,  457
       201,   -0.3019951585D+03,    0.4804385512D+00,    0.2615156234D-02,    0.1476824308D-03,    0.1341587375D-04,  457
       202,   -0.2951209095D+03,    0.4814651959D+00,    0.2710105044D-02,    0.1510179702D-03,    0.1421122771D-04,  457
       203,   -0.2884031374D+03,    0.4824910945D+00,    0.2808390209D-02,    0.1544177497D-03,    0.1505276419D-04,  457
       204,   -0.2818382805D+03,    0.4835161730D+00,    0.2910122341D-02,    0.1578824812D-03,    0.1594308520D-04,  457
       205,   -0.2754228580D+03,    0.4845403562D+00,    0.3015415333D-02,    0.1614128800D-03,    0.1688493253D-04,  457
       206,   -0.2691534684D+03,    0.4855635676D+00,    0.3124386433D-02,    0.1650096589D-03,    0.1788119508D-04,  457
       207,   -0.2630267874D+03,    0.4865857297D+00,    0.3237156321D-02,    0.1686734857D-03,    0.1893491694D-04,  457
       208,   -0.2570395668D+03,    0.4876067633D+00,    0.3353849186D-02,    0.1724049940D-03,    0.2004930397D-04,  457
       209,   -0.2511886319D+03,    0.4886265881D+00,    0.3474592798D-02,    0.1762048436D-03,    0.2122773219D-04,  457
       210,   -0.2454708806D+03,    0.4896451227D+00,    0.3599518591D-02,    0.1800736399D-03,    0.2247375683D-04,  457
       211,   -0.2398832812D+03,    0.4906622842D+00,    0.3728761734D-02,    0.1840119573D-03,    0.2379111976D-04,  457
       212,   -0.2344228711D+03,    0.4916779886D+00,    0.3862461211D-02,    0.1880203604D-03,    0.2518375945D-04,  457
       213,   -0.2290867550D+03,    0.4926921506D+00,    0.4000759894D-02,    0.1920993967D-03,    0.2665582116D-04,  457
       214,   -0.2238721038D+03,    0.4937046839D+00,    0.4143804627D-02,    0.1962495627D-03,    0.2821166594D-04,  457
       215,   -0.2187761526D+03,    0.4947155007D+00,    0.4291746293D-02,    0.2004713126D-03,    0.2985587962D-04,  457
       216,   -0.2137961994D+03,    0.4957245122D+00,    0.4444739894D-02,    0.2047650969D-03,    0.3159328589D-04,  457
       217,   -0.2089296037D+03,    0.4967316284D+00,    0.4602944627D-02,    0.2091313227D-03,    0.3342895738D-04,  457
       218,   -0.2041737853D+03,    0.4977367582D+00,    0.4766523958D-02,    0.2135703747D-03,    0.3536822578D-04,  457
       219,   -0.1995262226D+03,    0.4987398095D+00,    0.4935645692D-02,    0.2180825674D-03,    0.3741669352D-04,  457
       220,   -0.1949844513D+03,    0.4997406889D+00,    0.5110482050D-02,    0.2226681731D-03,    0.3958024853D-04,  457
       221,   -0.1905460633D+03,    0.5007393020D+00,    0.5291209739D-02,    0.2273274733D-03,    0.4186507616D-04,  457
       222,   -0.1862087053D+03,    0.5017355536D+00,    0.5478010020D-02,    0.2320606802D-03,    0.4427767297D-04,  457
       223,   -0.1819700777D+03,    0.5027293473D+00,    0.5671068779D-02,    0.2368679372D-03,    0.4682486019D-04,  457
       224,   -0.1778279331D+03,    0.5037205858D+00,    0.5870576593D-02,    0.2417493470D-03,    0.4951379685D-04,  457
       225,   -0.1737800751D+03,    0.5047091708D+00,    0.6076728796D-02,    0.2467050064D-03,    0.5235199971D-04,  457
       226,   -0.1698243577D+03,    0.5056950034D+00,    0.6289725541D-02,    0.2517349335D-03,    0.5534735406D-04,  457
       227,   -0.1659586833D+03,    0.5066779836D+00,    0.6509771860D-02,    0.2568390713D-03,    0.5850813221D-04,  457
       228,   -0.1621810025D+03,    0.5076580107D+00,    0.6737077725D-02,    0.2620173523D-03,    0.6184301110D-04,  457
       229,   -0.1584893122D+03,    0.5086349833D+00,    0.6971858104D-02,    0.2672696167D-03,    0.6536108503D-04,  457
       230,   -0.1548816550D+03,    0.5096087992D+00,    0.7214333010D-02,    0.2725956885D-03,    0.6907189044D-04,  457
       231,   -0.1513561181D+03,    0.5105793558D+00,    0.7464727557D-02,    0.2779953016D-03,    0.7298542020D-04,  457
       232,   -0.1479108322D+03,    0.5115465496D+00,    0.7723272002D-02,    0.2834681272D-03,    0.7711214381D-04,  457
       233,   -0.1445439706D+03,    0.5125102768D+00,    0.7990201794D-02,    0.2890138010D-03,    0.8146302648D-04,  457
       234,   -0.1412537481D+03,    0.5134704330D+00,    0.8265757606D-02,    0.2946318842D-03,    0.8604955186D-04,  457
       235,   -0.1380384203D+03,    0.5144269135D+00,    0.8550185381D-02,    0.3003218596D-03,    0.9088373909D-04,  457
       236,   -0.1348962822D+03,    0.5153796131D+00,    0.8843736356D-02,    0.3060831505D-03,    0.9597816931D-04,  457
       237,   -0.1318256680D+03,    0.5163284264D+00,    0.9146667094D-02,    0.3119151509D-03,    0.1013460052D-03,  457
       238,   -0.1288249494D+03,    0.5172732479D+00,    0.9459239508D-02,    0.3178171368D-03,    0.1070010148D-03,  457
       239,   -0.1258925356D+03,    0.5182139717D+00,    0.9781720874D-02,    0.3237883061D-03,    0.1129575952D-03,  457
       240,   -0.1230268716D+03,    0.5191504919D+00,    0.1011438385D-01,    0.3298278579D-03,    0.1192307964D-03,  457
       241,   -0.1202264381D+03,    0.5200827028D+00,    0.1045750649D-01,    0.3359348569D-03,    0.1258363516D-03,  457
       242,   -0.1174897502D+03,    0.5210104984D+00,    0.1081137224D-01,    0.3421083340D-03,    0.1327906927D-03,  457
       243,   -0.1148153570D+03,    0.5219337733D+00,    0.1117626992D-01,    0.3483472179D-03,    0.1401109848D-03,  457
       244,   -0.1122018404D+03,    0.5228524218D+00,    0.1155249375D-01,    0.3546503459D-03,    0.1478151509D-03,  457
       245,   -0.1096478147D+03,    0.5237663389D+00,    0.1194034331D-01,    0.3610165597D-03,    0.1559219022D-03,  457
       246,   -0.1071519257D+03,    0.5246754198D+00,    0.1234012353D-01,    0.3674445545D-03,    0.1644507675D-03,  457
       247,   -0.1047128501D+03,    0.5255795602D+00,    0.1275214467D-01,    0.3739329788D-03,    0.1734221172D-03,  457
       248,   -0.1023292947D+03,    0.5264786563D+00,    0.1317672226D-01,    0.3804804122D-03,    0.1828571883D-03,  457
       249,   -0.9999999553D+02,    0.5273726051D+00,    0.1361417710D-01,    0.3870853544D-03,    0.1927781336D-03,  457
       250,   -0.9772371773D+02,    0.5282613041D+00,    0.1406483516D-01,    0.3937462355D-03,    0.2032080473D-03,  457
       251,   -0.9549925433D+02,    0.5291446518D+00,    0.1452902760D-01,    0.4004613735D-03,    0.2141709816D-03,  457
       252,   -0.9332542591D+02,    0.5300225473D+00,    0.1500709063D-01,    0.4072290786D-03,    0.2256919905D-03,  457
       253,   -0.9120107986D+02,    0.5308948911D+00,    0.1549936549D-01,    0.4140475452D-03,    0.2377971742D-03,  457
       254,   -0.8912508983D+02,    0.5317615843D+00,    0.1600619838D-01,    0.4209149027D-03,    0.2505136932D-03,  457
       255,   -0.8709635510D+02,    0.5326225296D+00,    0.1652794032D-01,    0.4278292399D-03,    0.2638698149D-03,  457
       256,   -0.8511380002D+02,    0.5334776306D+00,    0.1706494713D-01,    0.4347885043D-03,    0.2778949543D-03,  457
       257,   -0.8317637339D+02,    0.5343267924D+00,    0.1761757929D-01,    0.4417906843D-03,    0.2926196937D-03,  457
       258,   -0.8128304798D+02,    0.5351699216D+00,    0.1818620183D-01,    0.4488336086D-03,    0.3080758362D-03,  457
       259,   -0.7943281992D+02,    0.5360069261D+00,    0.1877118424D-01,    0.4559150389D-03,    0.3242964357D-03,  457
       260,   -0.7762470819D+02,    0.5368377155D+00,    0.1937290033D-01,    0.4630327377D-03,    0.3413158371D-03,  457
       261,   -0.7585775411D+02,    0.5376622011D+00,    0.1999172811D-01,    0.4701844168D-03,    0.3591697094D-03,  457
       262,   -0.7413102082D+02,    0.5384802961D+00,    0.2062804962D-01,    0.4773676205D-03,    0.3778950943D-03,  457
       263,   -0.7244359277D+02,    0.5392919152D+00,    0.2128225084D-01,    0.4845799025D-03,    0.3975304463D-03,  457
       264,   -0.7079457527D+02,    0.5400969754D+00,    0.2195472148D-01,    0.4918188367D-03,    0.4181156684D-03,  457
       265,   -0.6918309400D+02,    0.5408953956D+00,    0.2264585486D-01,    0.4990818319D-03,    0.4396921554D-03,  457
       266,   -0.6760829452D+02,    0.5416870968D+00,    0.2335604771D-01,    0.5063662900D-03,    0.4623028289D-03,  457
       267,   -0.6606934185D+02,    0.5424720022D+00,    0.2408570000D-01,    0.5136695202D-03,    0.4859922018D-03,  457
       268,   -0.6456542002D+02,    0.5432500371D+00,    0.2483521478D-01,    0.5209888320D-03,    0.5108064027D-03,  457
       269,   -0.6309573163D+02,    0.5440211293D+00,    0.2560499795D-01,    0.5283215811D-03,    0.5367932174D-03,  457
       270,   -0.6165949743D+02,    0.5447852091D+00,    0.2639545808D-01,    0.5356649752D-03,    0.5640021511D-03,  457
       271,   -0.6025595591D+02,    0.5455422091D+00,    0.2720700621D-01,    0.5430161386D-03,    0.5924844591D-03,  457
       272,   -0.5888436290D+02,    0.5462920644D+00,    0.2804005561D-01,    0.5503722924D-03,    0.6222931952D-03,  457
       273,   -0.5754399116D+02,    0.5470347129D+00,    0.2889502159D-01,    0.5577306265D-03,    0.6534832706D-03,  457
       274,   -0.5623413001D+02,    0.5477700951D+00,    0.2977232127D-01,    0.5650881881D-03,    0.6861114735D-03,  457
       275,   -0.5495408493D+02,    0.5484981541D+00,    0.3067237331D-01,    0.5724420784D-03,    0.7202365462D-03,  457
       276,   -0.5370317724D+02,    0.5492188359D+00,    0.3159559773D-01,    0.5797893785D-03,    0.7559192286D-03,  457
       277,   -0.5248074368D+02,    0.5499320892D+00,    0.3254241563D-01,    0.5871271984D-03,    0.7932222815D-03,  457
       278,   -0.5128613611D+02,    0.5506378658D+00,    0.3351324894D-01,    0.5944526486D-03,    0.8322105555D-03,  457
       279,   -0.5011872112D+02,    0.5513361203D+00,    0.3450852017D-01,    0.6017626772D-03,    0.8729510597D-03,  457
       280,   -0.4897787975D+02,    0.5520268101D+00,    0.3552865219D-01,    0.6090544063D-03,    0.9155129711D-03,  457
       281,   -0.4786300709D+02,    0.5527098959D+00,    0.3657406789D-01,    0.6163249389D-03,    0.9599677061D-03,  457
       282,   -0.4677351204D+02,    0.5533853412D+00,    0.3764518999D-01,    0.6235712714D-03,    0.1006388992D-02,  457
       283,   -0.4570881692D+02,    0.5540531126D+00,    0.3874244073D-01,    0.6307905171D-03,    0.1054852880D-02,  457
       284,   -0.4466835722D+02,    0.5547131798D+00,    0.3986624162D-01,    0.6379797952D-03,    0.1105437832D-02,  457
       285,   -0.4365158127D+02,    0.5553655156D+00,    0.4101701314D-01,    0.6451362269D-03,    0.1158224748D-02,  457
       286,   -0.4265794997D+02,    0.5560100959D+00,    0.4219517448D-01,    0.6522569436D-03,    0.1213297052D-02,  457
       287,   -0.4168693648D+02,    0.5566468997D+00,    0.4340114328D-01,    0.6593391450D-03,    0.1270740719D-02,  457
       288,   -0.4073802596D+02,    0.5572759092D+00,    0.4463533532D-01,    0.6663800066D-03,    0.1330644323D-02,  457
       289,   -0.3981071528D+02,    0.5578971096D+00,    0.4589816424D-01,    0.6733767884D-03,    0.1393099122D-02,  457
       290,   -0.3890451276D+02,    0.5585104894D+00,    0.4719004130D-01,    0.6803267483D-03,    0.1458199126D-02,  457
       291,   -0.3801893793D+02,    0.5591160400D+00,    0.4851137506D-01,    0.6872272521D-03,    0.1526041117D-02,  457
       292,   -0.3715352125D+02,    0.5597137562D+00,    0.4986257112D-01,    0.6940756536D-03,    0.1596724704D-02,  457
       293,   -0.3630780385D+02,    0.5603036356D+00,    0.5124403184D-01,    0.7008693357D-03,    0.1670352437D-02,  457
       294,   -0.3548133734D+02,    0.5608856791D+00,    0.5265615607D-01,    0.7076058668D-03,    0.1747029813D-02,  457
       295,   -0.3467368350D+02,    0.5614598906D+00,    0.5409933886D-01,    0.7142825895D-03,    0.1826865336D-02,  457
       296,   -0.3388441410D+02,    0.5620262768D+00,    0.5557397121D-01,    0.7208972703D-03,    0.1909970671D-02,  457
       297,   -0.3311311067D+02,    0.5625848479D+00,    0.5708043981D-01,    0.7274475123D-03,    0.1996460580D-02,  457
       298,   -0.3235936425D+02,    0.5631356165D+00,    0.5861912672D-01,    0.7339308953D-03,    0.2086453043D-02,  457
       299,   -0.3162277519D+02,    0.5636785985D+00,    0.6019040920D-01,    0.7403453161D-03,    0.2180069357D-02,  457
       300,   -0.3090295294D+02,    0.5642138125D+00,    0.6179465937D-01,    0.7466886811D-03,    0.2277434161D-02,  457
       301,   -0.3019951585D+02,    0.5647412802D+00,    0.6343224401D-01,    0.7529588129D-03,    0.2378675533D-02,  457
       302,   -0.2951209095D+02,    0.5652610257D+00,    0.6510352431D-01,    0.7591536614D-03,    0.2483924967D-02,  457
       303,   -0.2884031374D+02,    0.5657730762D+00,    0.6680885560D-01,    0.7652714184D-03,    0.2593317583D-02,  456
       304,   -0.2818382805D+02,    0.5662774614D+00,    0.6854858715D-01,    0.7713101465D-03,    0.2706992166D-02,  456
       305,   -0.2754228580D+02,    0.5667742137D+00,    0.7032306194D-01,    0.7772679732D-03,    0.2825091145D-02,  456
       306,   -0.2691534684D+02,    0.5672633679D+00,    0.7213261642D-01,    0.7831432755D-03,    0.2947760704D-02,  456
       307,   -0.2630267874D+02,    0.5677449616D+00,    0.7397758031D-01,    0.7889345588D-03,    0.3075150985D-02,  456
       308,   -0.2570395668D+02,    0.5682190347D+00,    0.7585827640D-01,    0.7946401824D-03,    0.3207415998D-02,  456
       309,   -0.2511886319D+02,    0.5686856295D+00,    0.7777502032D-01,    0.8002586010D-03,    0.3344713749D-02,  456
       310,   -0.2454708806D+02,    0.5691447905D+00,    0.7972812039D-01,    0.8057884842D-03,    0.3487206442D-02,  456
       311,   -0.2398832812D+02,    0.5695965646D+00,    0.8171787744D-01,    0.8112286060D-03,    0.3635060339D-02,  456
       312,   -0.2344228711D+02,    0.5700410008D+00,    0.8374458457D-01,    0.8165776943D-03,    0.3788446004D-02,  456
       313,   -0.2290867550D+02,    0.5704781502D+00,    0.8580852708D-01,    0.8218347112D-03,    0.3947538445D-02,  456
       314,   -0.2238721038D+02,    0.5709080660D+00,    0.8790998223D-01,    0.8269985567D-03,    0.4112517077D-02,  456
       315,   -0.2187761526D+02,    0.5713308032D+00,    0.9004921915D-01,    0.8320681381D-03,    0.4283565725D-02,  456
       316,   -0.2137961994D+02,    0.5717464187D+00,    0.9222649865D-01,    0.8370428089D-03,    0.4460872934D-02,  456
       317,   -0.2089296037D+02,    0.5721549714D+00,    0.9444207317D-01,    0.8419216825D-03,    0.4644632045D-02,  456
       318,   -0.2041737853D+02,    0.5725565216D+00,    0.9669618654D-01,    0.8467040039D-03,    0.4835041183D-02,  456
       319,   -0.1995262226D+02,    0.5729511315D+00,    0.9898907400D-01,    0.8513891188D-03,    0.5032303285D-02,  456
       320,   -0.1949844513D+02,    0.5733388646D+00,    0.1013209620D+00,    0.8559766631D-03,    0.5236626309D-02,  456
       321,   -0.1905460633D+02,    0.5737197863D+00,    0.1036920681D+00,    0.8604659671D-03,    0.5448223617D-02,  456
       322,   -0.1862087053D+02,    0.5740939628D+00,    0.1061026011D+00,    0.8648566333D-03,    0.5667313579D-02,  456
       323,   -0.1819700777D+02,    0.5744614622D+00,    0.1085527605D+00,    0.8691486076D-03,    0.5894120039D-02,  456
       324,   -0.1778279331D+02,    0.5748223535D+00,    0.1110427371D+00,    0.8733413814D-03,    0.6128872155D-02,  456
       325,   -0.1737800751D+02,    0.5751767070D+00,    0.1135727123D+00,    0.8774348656D-03,    0.6371804545D-02,  456
       326,   -0.1698243577D+02,    0.5755245940D+00,    0.1161428583D+00,    0.8814288335D-03,    0.6623158033D-02,  456
       327,   -0.1659586833D+02,    0.5758660868D+00,    0.1187533384D+00,    0.8853234571D-03,    0.6883178930D-02,  456
       328,   -0.1621810025D+02,    0.5762012588D+00,    0.1214043063D+00,    0.8891189338D-03,    0.7152119608D-02,  456
       329,   -0.1584893122D+02,    0.5765301842D+00,    0.1240959068D+00,    0.8928148833D-03,    0.7430238141D-02,  456
       330,   -0.1548816550D+02,    0.5768529377D+00,    0.1268282750D+00,    0.8964117755D-03,    0.7717799281D-02,  456
       331,   -0.1513561181D+02,    0.5771695952D+00,    0.1296015372D+00,    0.8999100478D-03,    0.8015074194D-02,  456
       332,   -0.1479108322D+02,    0.5774802329D+00,    0.1324158101D+00,    0.9033097141D-03,    0.8322340195D-02,  456
       333,   -0.1445439706D+02,    0.5777849277D+00,    0.1352712014D+00,    0.9066111624D-03,    0.8639881298D-02,  456
       334,   -0.1412537481D+02,    0.5780837569D+00,    0.1381678093D+00,    0.9098147668D-03,    0.8967988332D-02,  456
       335,   -0.1380384203D+02,    0.5783767983D+00,    0.1411057230D+00,    0.9129211255D-03,    0.9306959276D-02,  456
       336,   -0.1348962822D+02,    0.5786641301D+00,    0.1440850226D+00,    0.9159308253D-03,    0.9657098930D-02,  456
       337,   -0.1318256680D+02,    0.5789458308D+00,    0.1471057789D+00,    0.9188442035D-03,    0.1001871930D-01,  456
       338,   -0.1288249494D+02,    0.5792219790D+00,    0.1501680538D+00,    0.9216621926D-03,    0.1039214005D-01,  456
       339,   -0.1258925356D+02,    0.5794926538D+00,    0.1532719001D+00,    0.9243852909D-03,    0.1077768837D-01,  456
       340,   -0.1230268716D+02,    0.5797579340D+00,    0.1564173618D+00,    0.9270140696D-03,    0.1117569873D-01,  456
       341,   -0.1202264381D+02,    0.5800178988D+00,    0.1596044738D+00,    0.9295495208D-03,    0.1158651417D-01,  456
       342,   -0.1174897502D+02,    0.5802726272D+00,    0.1628332625D+00,    0.9319923527D-03,    0.1201048577D-01,  456
       343,   -0.1148153570D+02,    0.5805221983D+00,    0.1661037454D+00,    0.9343434801D-03,    0.1244797243D-01,  456
       344,   -0.1122018404D+02,    0.5807666910D+00,    0.1694159315D+00,    0.9366038661D-03,    0.1289934196D-01,  456
       345,   -0.1096478147D+02,    0.5810061842D+00,    0.1727698214D+00,    0.9387741331D-03,    0.1336497048D-01,  456
       346,   -0.1071519257D+02,    0.5812407563D+00,    0.1761654070D+00,    0.9408551195D-03,    0.1384524306D-01,  456
       347,   -0.1047128501D+02,    0.5814704857D+00,    0.1796026721D+00,    0.9428482709D-03,    0.1434055449D-01,  456
       348,   -0.1023292947D+02,    0.5816954505D+00,    0.1830815923D+00,    0.9447543918D-03,    0.1485130734D-01,  456
       349,   -0.9999999553D+01,    0.5819157284D+00,    0.1866021350D+00,    0.9465743394D-03,    0.1537791525D-01,  456
       350,   -0.9772371773D+01,    0.5821313967D+00,    0.1901642599D+00,    0.9483093765D-03,    0.1592080138D-01,  456
       351,   -0.9549925433D+01,    0.5823425324D+00,    0.1937679186D+00,    0.9499606920D-03,    0.1648039753D-01,  456
       352,   -0.9332542591D+01,    0.5825492120D+00,    0.1974130551D+00,    0.9515290201D-03,    0.1705714686D-01,  456
       353,   -0.9120107986D+01,    0.5827515114D+00,    0.2010996058D+00,    0.9530152403D-03,    0.1765150236D-01,  456
       354,   -0.8912508983D+01,    0.5829495060D+00,    0.2048274996D+00,    0.9544213759D-03,    0.1826392831D-01,  456
       355,   -0.8709635510D+01,    0.5831432710D+00,    0.2085966583D+00,    0.9557481664D-03,    0.1889489924D-01,  456
       356,   -0.8511380002D+01,    0.5833328805D+00,    0.2124069962D+00,    0.9569962742D-03,    0.1954490093D-01,  456
       357,   -0.8317637339D+01,    0.5835184083D+00,    0.2162584209D+00,    0.9581672156D-03,    0.2021443078D-01,  456
       358,   -0.8128304798D+01,    0.5836999274D+00,    0.2201508328D+00,    0.9592624597D-03,    0.2090399768D-01,  456
       359,   -0.7943281992D+01,    0.5838775104D+00,    0.2240841258D+00,    0.9602830486D-03,    0.2161412281D-01,  456
       360,   -0.7762470819D+01,    0.5840512289D+00,    0.2280581871D+00,    0.9612299184D-03,    0.2234533892D-01,  456
       361,   -0.7585775411D+01,    0.5842211540D+00,    0.2320728974D+00,    0.9621043575D-03,    0.2309819156D-01,  456
       362,   -0.7413102082D+01,    0.5843873559D+00,    0.2361281311D+00,    0.9629078101D-03,    0.2387323918D-01,  456
       363,   -0.7244359277D+01,    0.5845499043D+00,    0.2402237565D+00,    0.9636412198D-03,    0.2467105318D-01,  456
       364,   -0.7079457527D+01,    0.5847088678D+00,    0.2443596358D+00,    0.9643056694D-03,    0.2549221849D-01,  456
       365,   -0.6918309400D+01,    0.5848643145D+00,    0.2485356254D+00,    0.9649032157D-03,    0.2633733407D-01,  456
       366,   -0.6760829452D+01,    0.5850163117D+00,    0.2527515761D+00,    0.9654341602D-03,    0.2720701234D-01,  456
       367,   -0.6606934185D+01,    0.5851649256D+00,    0.2570073330D+00,    0.9658995044D-03,    0.2810187961D-01,  456
       368,   -0.6456542002D+01,    0.5853102218D+00,    0.2613027357D+00,    0.9663016171D-03,    0.2902257767D-01,  456
       369,   -0.6309573163D+01,    0.5854522652D+00,    0.2656376187D+00,    0.9666409568D-03,    0.2996976366D-01,  456
       370,   -0.6165949743D+01,    0.5855911195D+00,    0.2700118114D+00,    0.9669183822D-03,    0.3094410952D-01,  456
       371,   -0.6025595591D+01,    0.5857268478D+00,    0.2744251382D+00,    0.9671358073D-03,    0.3194630297D-01,  456
       372,   -0.5888436290D+01,    0.5858595123D+00,    0.2788774187D+00,    0.9672945388D-03,    0.3297704772D-01,  456
       373,   -0.5754399116D+01,    0.5859891744D+00,    0.2833684678D+00,    0.9673951528D-03,    0.3403706432D-01,  456
       374,   -0.5623413001D+01,    0.5861158944D+00,    0.2878980960D+00,    0.9674382283D-03,    0.3512708938D-01,  456
       375,   -0.5495408493D+01,    0.5862397318D+00,    0.2924661092D+00,    0.9674262911D-03,    0.3624787779D-01,  456
       376,   -0.5370317724D+01,    0.5863607455D+00,    0.2970723094D+00,    0.9673607477D-03,    0.3740020210D-01,  456
       377,   -0.5248074368D+01,    0.5864789933D+00,    0.3017164943D+00,    0.9672409923D-03,    0.3858485161D-01,  456
       378,   -0.5128613611D+01,    0.5865945319D+00,    0.3063984577D+00,    0.9670688333D-03,    0.3980263584D-01,  456
       379,   -0.5011872112D+01,    0.5867074175D+00,    0.3111179898D+00,    0.9668465001D-03,    0.4105438189D-01,  456
       380,   -0.4897787975D+01,    0.5868177053D+00,    0.3158748768D+00,    0.9665741191D-03,    0.4234093630D-01,  456
       381,   -0.4786300709D+01,    0.5869254495D+00,    0.3206689017D+00,    0.9662526252D-03,    0.4366316715D-01,  456
       382,   -0.4677351204D+01,    0.5870307035D+00,    0.3254998441D+00,    0.9658833504D-03,    0.4502196025D-01,  456
       383,   -0.4570881692D+01,    0.5871335198D+00,    0.3303674801D+00,    0.9654681017D-03,    0.4641822320D-01,  456
       384,   -0.4466835722D+01,    0.5872339502D+00,    0.3352715830D+00,    0.9650072081D-03,    0.4785288602D-01,  456
       385,   -0.4365158127D+01,    0.5873320453D+00,    0.3402119230D+00,    0.9645009511D-03,    0.4932689907D-01,  456
       386,   -0.4265794997D+01,    0.5874278550D+00,    0.3451882675D+00,    0.9639519857D-03,    0.5084123457D-01,  456
       387,   -0.4168693648D+01,    0.5875214285D+00,    0.3502003810D+00,    0.9633604060D-03,    0.5239688902D-01,  456
       388,   -0.4073802596D+01,    0.5876128138D+00,    0.3552480258D+00,    0.9627278550D-03,    0.5399488059D-01,  456
       389,   -0.3981071528D+01,    0.5877020585D+00,    0.3603309612D+00,    0.9620547023D-03,    0.5563625204D-01,  456
       390,   -0.3890451276D+01,    0.5877892088D+00,    0.3654489448D+00,    0.9613413660D-03,    0.5732207078D-01,  456
       391,   -0.3801893793D+01,    0.5878743105D+00,    0.3706017313D+00,    0.9605902545D-03,    0.5905342861D-01,  456
       392,   -0.3715352125D+01,    0.5879574084D+00,    0.3757890739D+00,    0.9598021249D-03,    0.6083144275D-01,  456
       393,   -0.3630780385D+01,    0.5880385466D+00,    0.3810107233D+00,    0.9589769676D-03,    0.6265725641D-01,  456
       394,   -0.3548133734D+01,    0.5881177681D+00,    0.3862664287D+00,    0.9581152608D-03,    0.6453204061D-01,  456
       395,   -0.3467368350D+01,    0.5881951153D+00,    0.3915559373D+00,    0.9572197586D-03,    0.6645699143D-01,  456
       396,   -0.3388441410D+01,    0.5882706299D+00,    0.3968789948D+00,    0.9562907118D-03,    0.6843333542D-01,  456
       397,   -0.3311311067D+01,    0.5883443526D+00,    0.4022353452D+00,    0.9553288893D-03,    0.7046232572D-01,  456
       398,   -0.3235936425D+01,    0.5884163235D+00,    0.4076247311D+00,    0.9543341374D-03,    0.7254524607D-01,  456
       399,   -0.3162277519D+01,    0.5884865816D+00,    0.4130468939D+00,    0.9533075862D-03,    0.7468340830D-01,  456
       400,   -0.3090295294D+01,    0.5885551655D+00,    0.4185015734D+00,    0.9522522360D-03,    0.7687815657D-01,  456
       401,   -0.3019951585D+01,    0.5886221130D+00,    0.4239885086D+00,    0.9511668397D-03,    0.7913086673D-01,  456
       402,   -0.2951209095D+01,    0.5886874609D+00,    0.4295074372D+00,    0.9500520667D-03,    0.8144294419D-01,  456
       403,   -0.2884031374D+01,    0.5887512455D+00,    0.4350580962D+00,    0.9489098495D-03,    0.8381582815D-01,  456
       404,   -0.2818382805D+01,    0.5888135023D+00,    0.4406402213D+00,    0.9477397875D-03,    0.8625099299D-01,  456
       405,   -0.2754228580D+01,    0.5888742660D+00,    0.4462535479D+00,    0.9465435819D-03,    0.8874994692D-01,  456
       406,   -0.2691534684D+01,    0.5889335708D+00,    0.4518978104D+00,    0.9453227606D-03,    0.9131422809D-01,  456
       407,   -0.2630267874D+01,    0.5889914501D+00,    0.4575727425D+00,    0.9440754949D-03,    0.9394541807D-01,  456
       408,   -0.2570395668D+01,    0.5890479364D+00,    0.4632780777D+00,    0.9428038305D-03,    0.9664513169D-01,  456
       409,   -0.2511886319D+01,    0.5891030619D+00,    0.4690135487D+00,    0.9415104495D-03,    0.9941501903D-01,  456
       410,   -0.2454708806D+01,    0.5891568580D+00,    0.4747788880D+00,    0.9401927903D-03,    0.1022567725D+00,  456
       411,   -0.2398832812D+01,    0.5892093552D+00,    0.4805738277D+00,    0.9388523937D-03,    0.1051721213D+00,  456
       412,   -0.2344228711D+01,    0.5892605837D+00,    0.4863980998D+00,    0.9374914420D-03,    0.1081628348D+00,  456
       413,   -0.2290867550D+01,    0.5893105729D+00,    0.4922514360D+00,    0.9361103017D-03,    0.1112307244D+00,  456
       414,   -0.2238721038D+01,    0.5893593517D+00,    0.4981335679D+00,    0.9347080040D-03,    0.1143776453D+00,  456
       415,   -0.2187761526D+01,    0.5894069481D+00,    0.5040442272D+00,    0.9332853330D-03,    0.1176054908D+00,  456
       416,   -0.2137961994D+01,    0.5894533898D+00,    0.5099831455D+00,    0.9318437151D-03,    0.1209161999D+00,  456
       417,   -0.2089296037D+01,    0.5894987037D+00,    0.5159500546D+00,    0.9303846279D-03,    0.1243117580D+00,  456
       418,   -0.2041737853D+01,    0.5895429164D+00,    0.5219446862D+00,    0.9289081254D-03,    0.1277941989D+00,  456
       419,   -0.1995262226D+01,    0.5895860536D+00,    0.5279667727D+00,    0.9274130612D-03,    0.1313655975D+00,  456
       420,   -0.1949844513D+01,    0.5896281406D+00,    0.5340160463D+00,    0.9259022581D-03,    0.1350280771D+00,  456
       421,   -0.1905460633D+01,    0.5896692022D+00,    0.5400922398D+00,    0.9243750835D-03,    0.1387838148D+00,  456
       422,   -0.1862087053D+01,    0.5897092625D+00,    0.5461950862D+00,    0.9228318163D-03,    0.1426350386D+00,  456
       423,   -0.1819700777D+01,    0.5897483452D+00,    0.5523243192D+00,    0.9212735421D-03,    0.1465840238D+00,  456
       424,   -0.1778279331D+01,    0.5897864734D+00,    0.5584796726D+00,    0.9196999591D-03,    0.1506330938D+00,  456
       425,   -0.1737800751D+01,    0.5898236697D+00,    0.5646608811D+00,    0.9181130008D-03,    0.1547846358D+00,  456
       426,   -0.1698243577D+01,    0.5898599563D+00,    0.5708676796D+00,    0.9165130983D-03,    0.1590410878D+00,  456
       427,   -0.1659586833D+01,    0.5898953548D+00,    0.5770998041D+00,    0.9148978523D-03,    0.1634049446D+00,  456
       428,   -0.1621810025D+01,    0.5899298862D+00,    0.5833569908D+00,    0.9132711499D-03,    0.1678787561D+00,  456
       429,   -0.1584893122D+01,    0.5899635714D+00,    0.5896389768D+00,    0.9116338758D-03,    0.1724651307D+00,  456
       430,   -0.1548816550D+01,    0.5899964305D+00,    0.5959455000D+00,    0.9099827907D-03,    0.1771667402D+00,  456
       431,   -0.1513561181D+01,    0.5900284832D+00,    0.6022762989D+00,    0.9083196579D-03,    0.1819863182D+00,  456
       432,   -0.1479108322D+01,    0.5900597488D+00,    0.6086311131D+00,    0.9066475930D-03,    0.1869266602D+00,  456
       433,   -0.1445439706D+01,    0.5900902463D+00,    0.6150096828D+00,    0.9049635182D-03,    0.1919906225D+00,  456
       434,   -0.1412537481D+01,    0.5901199939D+00,    0.6214117492D+00,    0.9032687195D-03,    0.1971811324D+00,  456
       435,   -0.1380384203D+01,    0.5901490098D+00,    0.6278370543D+00,    0.9015670229D-03,    0.2025011780D+00,  456
       436,   -0.1348962822D+01,    0.5901773116D+00,    0.6342853412D+00,    0.8998528366D-03,    0.2079538238D+00,  456
       437,   -0.1318256680D+01,    0.5902049163D+00,    0.6407563539D+00,    0.8981297530D-03,    0.2135422003D+00,  456
       438,   -0.1288249494D+01,    0.5902318409D+00,    0.6472498375D+00,    0.8964010500D-03,    0.2192695107D+00,  456
       439,   -0.1258925356D+01,    0.5902581018D+00,    0.6537655380D+00,    0.8946615674D-03,    0.2251390307D+00,  456
       440,   -0.1230268716D+01,    0.5902837149D+00,    0.6603032025D+00,    0.8929124362D-03,    0.2311541089D+00,  456
       441,   -0.1202264381D+01,    0.5903086959D+00,    0.6668625792D+00,    0.8911580976D-03,    0.2373181805D+00,  456
       442,   -0.1174897502D+01,    0.5903330602D+00,    0.6734434175D+00,    0.8893974934D-03,    0.2436347532D+00,  456
       443,   -0.1148153570D+01,    0.5903568227D+00,    0.6800454678D+00,    0.8876292536D-03,    0.2501074139D+00,  456
       444,   -0.1122018404D+01,    0.5903799980D+00,    0.6866684818D+00,    0.8858514038D-03,    0.2567398253D+00,  456
       445,   -0.1096478147D+01,    0.5904026002D+00,    0.6933122121D+00,    0.8840696881D-03,    0.2635357453D+00,  456
       446,   -0.1071519257D+01,    0.5904246435D+00,    0.6999764128D+00,    0.8822834500D-03,    0.2704990196D+00,  456
       447,   -0.1047128501D+01,    0.5904461413D+00,    0.7066608391D+00,    0.8804880644D-03,    0.2776335766D+00,  456
       448,   -0.1023292947D+01,    0.5904671069D+00,    0.7133652474D+00,    0.8786866292D-03,    0.2849435548D+00,  456
       449,   -0.9999999776D+00,    0.5904875532D+00,    0.7200893953D+00,    0.8758074960D-03,    0.2968144585D+00,  456
       450,   -0.8999999799D+00,    0.5935748339D+00,    0.7511025110D+00,    0.8683655324D-03,    0.3294127704D+00,  456
       451,   -0.7999999821D+00,    0.5966612308D+00,    0.7862275992D+00,    0.8589196807D-03,    0.3756331721D+00,  456
       452,   -0.6999999844D+00,    0.5997466237D+00,    0.8265928958D+00,    0.8481096293D-03,    0.4354230633D+00,  456
       453,   -0.5999999866D+00,    0.6028308606D+00,    0.8738550359D+00,    0.8355355296D-03,    0.5156643943D+00,  456
       454,   -0.4999999888D+00,    0.6059137418D+00,    0.9305883382D+00,    0.8205780209D-03,    0.6288199899D+00,  456
       455,   -0.3999999911D+00,    0.6089949924D+00,    0.1001113812D+01,    0.8021989042D-03,    0.8000470975D+00,  456
       456,   -0.2999999933D+00,    0.6120742074D+00,    0.1093541617D+01,    0.7784107833D-03,    0.1089057944D+01,  456
       457,   -0.1999999955D+00,    0.6151507214D+00,    0.1226075487D+01,    0.7443996525D-03,    0.1682993840D+01,  456
       458,   -0.9999999776D-01,    0.6182231968D+00,    0.1456578187D+01,    0.6735662290D-03,    0.4400843887D+01,  456
       459,    0.0000000000D+00,    0.6212861100D+00,    0.6305320349D+01,    0.1000000000D-06,    0.7053071212D+02,  456
