         1,   -0.9999999553D+07,    0.9405299506D-01,    0.4714834243D-10,    0.1364667910D-08,    0.2008666962D-16,  457
         2,   -0.7943281992D+07,    0.9706727731D-01,    0.7469007986D-10,    0.1667401448D-08,    0.0000000000D+00,  457
         3,   -0.6309573163D+07,    0.1001896553D+00,    0.1183203294D-09,    0.2174411289D-08,    0.0000000000D+00,  457
         4,   -0.5011872112D+07,    0.1034240048D+00,    0.1874371849D-09,    0.2835588030D-08,    0.0000000000D+00,  457
         5,   -0.3981071528D+07,    0.1067743407D+00,    0.2969286158D-09,    0.3697808972D-08,    0.0000000000D+00,  457
         6,   -0.3162277519D+07,    0.1102448212D+00,    0.4703793492D-09,    0.4822204914D-08,    0.0000000000D+00,  457
         7,   -0.2511886319D+07,    0.1138397535D+00,    0.7451510196D-09,    0.6288494293D-08,    0.0000000000D+00,  457
         8,   -0.1995262226D+07,    0.1175635986D+00,    0.1180429816D-08,    0.8200634146D-08,    0.0000000000D+00,  457
         9,   -0.1584893122D+07,    0.1214209768D+00,    0.1869975009D-08,    0.1069419001D-07,    0.2267044776D-14,  457
        10,   -0.1258925356D+07,    0.1254166733D+00,    0.2962314225D-08,    0.1394594512D-07,    0.4521210092D-14,  457
        11,   -0.9999999553D+06,    0.1295556434D+00,    0.4692735109D-08,    0.1818643059D-07,    0.9016721400D-14,  457
        12,   -0.7943281992D+06,    0.1338430184D+00,    0.7433963564D-08,    0.2371626511D-07,    0.1798215746D-13,  457
        13,   -0.6309573163D+06,    0.1382841114D+00,    0.1177644280D-07,    0.3092745792D-07,    0.3586194779D-13,  457
        14,   -0.5011872112D+06,    0.1428844228D+00,    0.1865550145D-07,    0.4033118458D-07,    0.7151951489D-13,  457
        15,   -0.3981071528D+06,    0.1476496460D+00,    0.2955279462D-07,    0.5259399928D-07,    0.1426308374D-12,  457
        16,   -0.3162277519D+06,    0.1525856727D+00,    0.4681539113D-07,    0.6858504312D-07,    0.2844460696D-12,  457
        17,   -0.2511886319D+06,    0.1576985983D+00,    0.7416120264D-07,    0.8943757757D-07,    0.5672615629D-12,  457
        18,   -0.1995262226D+06,    0.1629947259D+00,    0.1174795498D-06,    0.1166291839D-06,    0.1131260839D-11,  457
        19,   -0.1584893122D+06,    0.1684805708D+00,    0.1860991521D-06,    0.1520862721D-06,    0.2255988607D-11,  457
        20,   -0.1258925356D+06,    0.1741628624D+00,    0.2947963467D-06,    0.1983202245D-06,    0.4498877926D-11,  457
        21,   -0.9999999553D+05,    0.1800485456D+00,    0.4669754383D-06,    0.2586047280D-06,    0.8971449033D-11,  457
        22,   -0.7943281992D+05,    0.1861447794D+00,    0.7397048516D-06,    0.3372066191D-06,    0.1788995909D-10,  457
        23,   -0.6309573163D+05,    0.1924589321D+00,    0.1171691018D-05,    0.4396862655D-06,    0.3567310667D-10,  457
        24,   -0.5011872112D+05,    0.1989985722D+00,    0.1855901669D-05,    0.5732881875D-06,    0.7112998895D-10,  457
        25,   -0.3981071528D+05,    0.2057714535D+00,    0.2939545406D-05,    0.7474485559D-06,    0.1418204204D-09,  457
        26,   -0.3162277519D+05,    0.2127854917D+00,    0.4655685938D-05,    0.9744537318D-06,    0.2827425597D-09,  457
        27,   -0.2511886319D+05,    0.2200487290D+00,    0.7373248699D-05,    0.1270293630D-05,    0.5636373878D-09,  457
        28,   -0.1995262226D+05,    0.2275692847D+00,    0.1167608394D-04,    0.1655765309D-05,    0.1123443679D-08,  457
        29,   -0.1584893122D+05,    0.2353552839D+00,    0.1848789526D-04,    0.2080151226D-05,    0.2072451283D-08,  457
        30,   -0.1548816550D+05,    0.2361487940D+00,    0.1935723528D-04,    0.2228745538D-05,    0.2493071125D-08,  457
        31,   -0.1513561181D+05,    0.2369450469D+00,    0.2026742368D-04,    0.2288540918D-05,    0.2671011714D-08,  457
        32,   -0.1479108322D+05,    0.2377440507D+00,    0.2122037758D-04,    0.2349935898D-05,    0.2861645838D-08,  457
        33,   -0.1445439706D+05,    0.2385458131D+00,    0.2221810394D-04,    0.2412973069D-05,    0.3065878322D-08,  457
        34,   -0.1412537481D+05,    0.2393503422D+00,    0.2326270370D-04,    0.2477696224D-05,    0.3284678417D-08,  457
        35,   -0.1380384203D+05,    0.2401576457D+00,    0.2435637619D-04,    0.2544149731D-05,    0.3519084343D-08,  457
        36,   -0.1348962822D+05,    0.2409677314D+00,    0.2550142375D-04,    0.2612379850D-05,    0.3770208322D-08,  457
        37,   -0.1318256680D+05,    0.2417806071D+00,    0.2670025649D-04,    0.2682433861D-05,    0.4039241657D-08,  457
        38,   -0.1288249494D+05,    0.2425962806D+00,    0.2795539735D-04,    0.2754360155D-05,    0.4327460501D-08,  457
        39,   -0.1258925356D+05,    0.2434147596D+00,    0.2926948735D-04,    0.2828208217D-05,    0.4636231842D-08,  457
        40,   -0.1230268716D+05,    0.2442360517D+00,    0.3064529111D-04,    0.2904028935D-05,    0.4967019844D-08,  457
        41,   -0.1202264381D+05,    0.2450601645D+00,    0.3208570261D-04,    0.2981875182D-05,    0.5321393029D-08,  457
        42,   -0.1174897502D+05,    0.2458871058D+00,    0.3359375121D-04,    0.3061800302D-05,    0.5701031425D-08,  457
        43,   -0.1148153570D+05,    0.2467168829D+00,    0.3517260797D-04,    0.3143859330D-05,    0.6107734516D-08,  457
        44,   -0.1122018404D+05,    0.2475495035D+00,    0.3682559223D-04,    0.3228108737D-05,    0.6543429693D-08,  457
        45,   -0.1096478147D+05,    0.2483849748D+00,    0.3855617856D-04,    0.3314606736D-05,    0.7010181684D-08,  457
        46,   -0.1071519257D+05,    0.2492233045D+00,    0.4036800396D-04,    0.3403412902D-05,    0.7510201874D-08,  457
        47,   -0.1047128501D+05,    0.2500644997D+00,    0.4226487539D-04,    0.3494587928D-05,    0.8045859011D-08,  457
        48,   -0.1023292947D+05,    0.2509085678D+00,    0.4425077776D-04,    0.3588194530D-05,    0.8619689774D-08,  457
        49,   -0.9999999553D+04,    0.2517555159D+00,    0.4632988213D-04,    0.3684297321D-05,    0.9234411650D-08,  457
        50,   -0.9772371773D+04,    0.2526053514D+00,    0.4850655441D-04,    0.3782962203D-05,    0.9892935371D-08,  457
        51,   -0.9549925433D+04,    0.2534580812D+00,    0.5078536440D-04,    0.3884256093D-05,    0.1059837793D-07,  457
        52,   -0.9332542591D+04,    0.2543137123D+00,    0.5317109529D-04,    0.3988249166D-05,    0.1135407814D-07,  457
        53,   -0.9120107986D+04,    0.2551722518D+00,    0.5566875353D-04,    0.4095012496D-05,    0.1216361188D-07,  457
        54,   -0.8912508983D+04,    0.2560337065D+00,    0.5828357926D-04,    0.4204619001D-05,    0.1303080908D-07,  457
        55,   -0.8709635510D+04,    0.2568980833D+00,    0.6102105709D-04,    0.4317143503D-05,    0.1395977157D-07,  457
        56,   -0.8511380002D+04,    0.2577653888D+00,    0.6388692751D-04,    0.4432662712D-05,    0.1495489241D-07,  457
        57,   -0.8317637339D+04,    0.2586356297D+00,    0.6688719871D-04,    0.4551255892D-05,    0.1602087650D-07,  457
        58,   -0.8128304798D+04,    0.2595088126D+00,    0.7002815902D-04,    0.4673003604D-05,    0.1716276283D-07,  457
        59,   -0.7943281992D+04,    0.2603849439D+00,    0.7331638991D-04,    0.4797988416D-05,    0.1838594770D-07,  457
        60,   -0.7762470819D+04,    0.2612640299D+00,    0.7675877952D-04,    0.4926296168D-05,    0.1969621039D-07,  457
        61,   -0.7585775411D+04,    0.2621460771D+00,    0.8036253691D-04,    0.5058013572D-05,    0.2109974020D-07,  457
        62,   -0.7413102082D+04,    0.2630310914D+00,    0.8413520691D-04,    0.5193230040D-05,    0.2260316516D-07,  457
        63,   -0.7244359277D+04,    0.2639190791D+00,    0.8808468562D-04,    0.5332037680D-05,    0.2421358340D-07,  457
        64,   -0.7079457527D+04,    0.2648100460D+00,    0.9221923672D-04,    0.5474529761D-05,    0.2593859637D-07,  457
        65,   -0.6918309400D+04,    0.2657039979D+00,    0.9654750838D-04,    0.5620803725D-05,    0.2778634392D-07,  457
        66,   -0.6760829452D+04,    0.2666009407D+00,    0.1010785511D-03,    0.5770958015D-05,    0.2976554296D-07,  457
        67,   -0.6606934185D+04,    0.2675008798D+00,    0.1058218363D-03,    0.5925094221D-05,    0.3188552773D-07,  457
        68,   -0.6456542002D+04,    0.2684038209D+00,    0.1107872756D-03,    0.6083316251D-05,    0.3415629377D-07,  457
        69,   -0.6309573163D+04,    0.2693097691D+00,    0.1159852414D-03,    0.6245729907D-05,    0.3658854395D-07,  457
        70,   -0.6165949743D+04,    0.2702187296D+00,    0.1214265877D-03,    0.6412446147D-05,    0.3919373894D-07,  457
        71,   -0.6025595591D+04,    0.2711307077D+00,    0.1271226728D-03,    0.6583576042D-05,    0.4198415175D-07,  457
        72,   -0.5888436290D+04,    0.2720457080D+00,    0.1330853823D-03,    0.6759234059D-05,    0.4497292184D-07,  457
        73,   -0.5754399116D+04,    0.2729637354D+00,    0.1393271531D-03,    0.6939539502D-05,    0.4817411853D-07,  457
        74,   -0.5623413001D+04,    0.2738847946D+00,    0.1458609992D-03,    0.7124611695D-05,    0.5160280679D-07,  457
        75,   -0.5495408493D+04,    0.2748088898D+00,    0.1527005380D-03,    0.7314574496D-05,    0.5527511608D-07,  457
        76,   -0.5370317724D+04,    0.2757360254D+00,    0.1598600180D-03,    0.7509555341D-05,    0.5920831600D-07,  457
        77,   -0.5248074368D+04,    0.2766662054D+00,    0.1673543479D-03,    0.7709683626D-05,    0.6342089624D-07,  457
        78,   -0.5128613611D+04,    0.2775994337D+00,    0.1751991268D-03,    0.7915093268D-05,    0.6793265239D-07,  457
        79,   -0.5011872112D+04,    0.2785357141D+00,    0.1834106759D-03,    0.8125920790D-05,    0.7276477750D-07,  457
        80,   -0.4897787975D+04,    0.2794750501D+00,    0.1920060714D-03,    0.8342305188D-05,    0.7793996064D-07,  457
        81,   -0.4786300709D+04,    0.2804174449D+00,    0.2010031794D-03,    0.8564390273D-05,    0.8348249226D-07,  457
        82,   -0.4677351204D+04,    0.2813629017D+00,    0.2104206917D-03,    0.8792323073D-05,    0.8941837595D-07,  457
        83,   -0.4570881692D+04,    0.2823114233D+00,    0.2202781638D-03,    0.9026253713D-05,    0.9577544863D-07,  457
        84,   -0.4466835722D+04,    0.2832630124D+00,    0.2305960542D-03,    0.9266336658D-05,    0.1025835097D-06,  457
        85,   -0.4365158127D+04,    0.2842176714D+00,    0.2413957656D-03,    0.9512730190D-05,    0.1098744586D-06,  457
        86,   -0.4265794997D+04,    0.2851754026D+00,    0.2526996881D-03,    0.9765595550D-05,    0.1176824406D-06,  457
        87,   -0.4168693648D+04,    0.2861362078D+00,    0.2645312438D-03,    0.1002509839D-04,    0.1260440050D-06,  457
        88,   -0.4073802596D+04,    0.2871000888D+00,    0.2769149343D-03,    0.1029140904D-04,    0.1349982758D-06,  457
        89,   -0.3981071528D+04,    0.2880670470D+00,    0.2898763896D-03,    0.1056470091D-04,    0.1445871249D-06,  457
        90,   -0.3890451276D+04,    0.2890370836D+00,    0.3034424189D-03,    0.1084515125D-04,    0.1548553721D-06,  457
        91,   -0.3801893793D+04,    0.2900101993D+00,    0.3176410649D-03,    0.1113294327D-04,    0.1658509894D-06,  457
        92,   -0.3715352125D+04,    0.2909863949D+00,    0.3325016592D-03,    0.1142826342D-04,    0.1776253135D-06,  457
        93,   -0.3630780385D+04,    0.2919656705D+00,    0.3480548808D-03,    0.1173130285D-04,    0.1902332907D-06,  457
        94,   -0.3548133734D+04,    0.2929480263D+00,    0.3643328171D-03,    0.1204225675D-04,    0.2037337223D-06,  457
        95,   -0.3467368350D+04,    0.2939334617D+00,    0.3813690274D-03,    0.1236132535D-04,    0.2181895323D-06,  457
        96,   -0.3388441410D+04,    0.2949219763D+00,    0.3991986096D-03,    0.1268871426D-04,    0.2336680656D-06,  457
        97,   -0.3311311067D+04,    0.2959135689D+00,    0.4178582696D-03,    0.1302463242D-04,    0.2502413816D-06,  457
        98,   -0.3235936425D+04,    0.2969082383D+00,    0.4373863934D-03,    0.1336929506D-04,    0.2679865845D-06,  457
        99,   -0.3162277519D+04,    0.2979059827D+00,    0.4578231229D-03,    0.1372292135D-04,    0.2869861819D-06,  457
       100,   -0.3090295294D+04,    0.2989068001D+00,    0.4792104349D-03,    0.1408573646D-04,    0.3073284559D-06,  457
       101,   -0.3019951585D+04,    0.2999106880D+00,    0.5015922231D-03,    0.1445796944D-04,    0.3291078605D-06,  457
       102,   -0.2951209095D+04,    0.3009176435D+00,    0.5250143843D-03,    0.1483985582D-04,    0.3524254474D-06,  457
       103,   -0.2884031374D+04,    0.3019276634D+00,    0.5495249082D-03,    0.1523163644D-04,    0.3773893336D-06,  457
       104,   -0.2818382805D+04,    0.3029407440D+00,    0.5751739703D-03,    0.1563355782D-04,    0.4041151855D-06,  457
       105,   -0.2754228580D+04,    0.3039568813D+00,    0.6020140301D-03,    0.1604587125D-04,    0.4327267346D-06,  457
       106,   -0.2691534684D+04,    0.3049760707D+00,    0.6300999326D-03,    0.1646883211D-04,    0.4633563345D-06,  457
       107,   -0.2630267874D+04,    0.3059983071D+00,    0.6594890144D-03,    0.1690270536D-04,    0.4961455751D-06,  457
       108,   -0.2570395668D+04,    0.3070235852D+00,    0.6902412147D-03,    0.1734776030D-04,    0.5312458976D-06,  457
       109,   -0.2511886319D+04,    0.3080518990D+00,    0.7224191902D-03,    0.1780427055D-04,    0.5688192758D-06,  457
       110,   -0.2454708806D+04,    0.3090832421D+00,    0.7560884361D-03,    0.1827251626D-04,    0.6090389566D-06,  457
       111,   -0.2398832812D+04,    0.3101176074D+00,    0.7913174108D-03,    0.1875278531D-04,    0.6520902129D-06,  457
       112,   -0.2344228711D+04,    0.3111549876D+00,    0.8281776677D-03,    0.1924537233D-04,    0.6981711850D-06,  457
       113,   -0.2290867550D+04,    0.3121953747D+00,    0.8667439905D-03,    0.1975057431D-04,    0.7474937701D-06,  457
       114,   -0.2238721038D+04,    0.3132387600D+00,    0.9070945361D-03,    0.2026869747D-04,    0.8002845543D-06,  457
       115,   -0.2187761526D+04,    0.3142851344D+00,    0.9493109819D-03,    0.2080005529D-04,    0.8567857920D-06,  457
       116,   -0.2137961994D+04,    0.3153344882D+00,    0.9934786808D-03,    0.2134496655D-04,    0.9172565154D-06,  457
       117,   -0.2089296037D+04,    0.3163868111D+00,    0.1039686821D-02,    0.2190375757D-04,    0.9819736972D-06,  457
       118,   -0.2041737853D+04,    0.3174420922D+00,    0.1088028595D-02,    0.2247675947D-04,    0.1051233426D-05,  457
       119,   -0.1995262226D+04,    0.3185003198D+00,    0.1138601371D-02,    0.2306431184D-04,    0.1125352199D-05,  457
       120,   -0.1949844513D+04,    0.3195614818D+00,    0.1191506878D-02,    0.2366676008D-04,    0.1204668364D-05,  457
       121,   -0.1905460633D+04,    0.3206255651D+00,    0.1246851391D-02,    0.2428445814D-04,    0.1289543597D-05,  457
       122,   -0.1862087053D+04,    0.3216925563D+00,    0.1304745932D-02,    0.2491776899D-04,    0.1380364462D-05,  457
       123,   -0.1819700777D+04,    0.3227624411D+00,    0.1365306469D-02,    0.2556705578D-04,    0.1477544095D-05,  457
       124,   -0.1778279331D+04,    0.3238352043D+00,    0.1428654136D-02,    0.2623269409D-04,    0.1581523977D-05,  457
       125,   -0.1737800751D+04,    0.3249108303D+00,    0.1494915449D-02,    0.2691506801D-04,    0.1692775925D-05,  457
       126,   -0.1698243577D+04,    0.3259893025D+00,    0.1564222538D-02,    0.2761456346D-04,    0.1811804088D-05,  457
       127,   -0.1659586833D+04,    0.3270706035D+00,    0.1636713389D-02,    0.2833157939D-04,    0.1939147141D-05,  457
       128,   -0.1621810025D+04,    0.3281547153D+00,    0.1712532091D-02,    0.2906652071D-04,    0.2075380608D-05,  457
       129,   -0.1584893122D+04,    0.3292416189D+00,    0.1791829096D-02,    0.2981979629D-04,    0.2221119225D-05,  457
       130,   -0.1548816550D+04,    0.3303312945D+00,    0.1874761488D-02,    0.3059182589D-04,    0.2377019816D-05,  457
       131,   -0.1513561181D+04,    0.3314237214D+00,    0.1961493266D-02,    0.3138303545D-04,    0.2543783912D-05,  457
       132,   -0.1479108322D+04,    0.3325188780D+00,    0.2052195631D-02,    0.3219386200D-04,    0.2722160753D-05,  457
       133,   -0.1445439706D+04,    0.3336167420D+00,    0.2147047290D-02,    0.3302474504D-04,    0.2912950526D-05,  457
       134,   -0.1412537481D+04,    0.3347172898D+00,    0.2246234771D-02,    0.3387613404D-04,    0.3117007773D-05,  457
       135,   -0.1380384203D+04,    0.3358204972D+00,    0.2349952747D-02,    0.3474848583D-04,    0.3335244888D-05,  457
       136,   -0.1348962822D+04,    0.3369263387D+00,    0.2458404379D-02,    0.3564226503D-04,    0.3568636082D-05,  457
       137,   -0.1318256680D+04,    0.3380347881D+00,    0.2571801659D-02,    0.3655794573D-04,    0.3818221387D-05,  457
       138,   -0.1288249494D+04,    0.3391458180D+00,    0.2690365785D-02,    0.3749600579D-04,    0.4085111103D-05,  457
       139,   -0.1258925356D+04,    0.3402594000D+00,    0.2814327531D-02,    0.3845692954D-04,    0.4370490309D-05,  457
       140,   -0.1230268716D+04,    0.3413755044D+00,    0.2943927644D-02,    0.3944121545D-04,    0.4675623741D-05,  457
       141,   -0.1202264381D+04,    0.3424941009D+00,    0.3079417247D-02,    0.4044936712D-04,    0.5001861281D-05,  457
       142,   -0.1174897502D+04,    0.3436151576D+00,    0.3221058264D-02,    0.4148188814D-04,    0.5350643310D-05,  457
       143,   -0.1148153570D+04,    0.3447386416D+00,    0.3369123855D-02,    0.4253930089D-04,    0.5723506630D-05,  457
       144,   -0.1122018404D+04,    0.3458645190D+00,    0.3523898871D-02,    0.4362212809D-04,    0.6122090636D-05,  457
       145,   -0.1096478147D+04,    0.3469927545D+00,    0.3685680318D-02,    0.4473089791D-04,    0.6548144299D-05,  457
       146,   -0.1071519257D+04,    0.3481233116D+00,    0.3854777846D-02,    0.4586614995D-04,    0.7003533143D-05,  457
       147,   -0.1047128501D+04,    0.3492561526D+00,    0.4031514252D-02,    0.4702843208D-04,    0.7490246717D-05,  457
       148,   -0.1023292947D+04,    0.3503912386D+00,    0.4216225996D-02,    0.4821828896D-04,    0.8010406138D-05,  457
       149,   -0.9999999553D+03,    0.3515285291D+00,    0.4409263742D-02,    0.4943628009D-04,    0.8566273608D-05,  457
       150,   -0.9772371773D+03,    0.3526679826D+00,    0.4610992912D-02,    0.5068297494D-04,    0.9160260906D-05,  457
       151,   -0.9549925433D+03,    0.3538095561D+00,    0.4821794262D-02,    0.5195893859D-04,    0.9794938345D-05,  457
       152,   -0.9332542591D+03,    0.3549532052D+00,    0.5042064472D-02,    0.5326474947D-04,    0.1047304584D-04,  457
       153,   -0.9120107986D+03,    0.3560988842D+00,    0.5272216765D-02,    0.5460098777D-04,    0.1119750320D-04,  457
       154,   -0.8912508983D+03,    0.3572465458D+00,    0.5512681534D-02,    0.5596824040D-04,    0.1197142157D-04,  457
       155,   -0.8709635510D+03,    0.3583961414D+00,    0.5763906998D-02,    0.5736709815D-04,    0.1279811562D-04,  457
       156,   -0.8511380002D+03,    0.3595476207D+00,    0.6026359876D-02,    0.5879815973D-04,    0.1368111623D-04,  457
       157,   -0.8317637339D+03,    0.3607009322D+00,    0.6300526083D-02,    0.6026203044D-04,    0.1462418410D-04,  457
       158,   -0.8128304798D+03,    0.3618560227D+00,    0.6586911441D-02,    0.6175930811D-04,    0.1563132414D-04,  457
       159,   -0.7943281992D+03,    0.3630128373D+00,    0.6886042421D-02,    0.6329059962D-04,    0.1670680065D-04,  457
       160,   -0.7762470819D+03,    0.3641713196D+00,    0.7198466905D-02,    0.6485652251D-04,    0.1785515344D-04,  457
       161,   -0.7585775411D+03,    0.3653314117D+00,    0.7524754961D-02,    0.6645769343D-04,    0.1908121480D-04,  457
       162,   -0.7413102082D+03,    0.3664930540D+00,    0.7865499653D-02,    0.6809472363D-04,    0.2039012747D-04,  457
       163,   -0.7244359277D+03,    0.3676561851D+00,    0.8221317864D-02,    0.6976823345D-04,    0.2178736386D-04,  457
       164,   -0.7079457527D+03,    0.3688207421D+00,    0.8592851150D-02,    0.7147884673D-04,    0.2327874628D-04,  457
       165,   -0.6918309400D+03,    0.3699866603D+00,    0.8980766609D-02,    0.7322717635D-04,    0.2487046768D-04,  457
       166,   -0.6760829452D+03,    0.3711538731D+00,    0.9385757779D-02,    0.7501385203D-04,    0.2656911454D-04,  457
       167,   -0.6606934185D+03,    0.3723223126D+00,    0.9808545557D-02,    0.7683949327D-04,    0.2838169068D-04,  457
       168,   -0.6456542002D+03,    0.3734919086D+00,    0.1024987914D-01,    0.7870470886D-04,    0.3031564200D-04,  457
       169,   -0.6309573163D+03,    0.3746625893D+00,    0.1071053699D-01,    0.8061013037D-04,    0.3237888319D-04,  457
       170,   -0.6165949743D+03,    0.3758342813D+00,    0.1119132783D-01,    0.8255636884D-04,    0.3457982533D-04,  457
       171,   -0.6025595591D+03,    0.3770069090D+00,    0.1169309164D-01,    0.8454402929D-04,    0.3692740518D-04,  457
       172,   -0.5888436290D+03,    0.3781803951D+00,    0.1221670070D-01,    0.8657372429D-04,    0.3943111670D-04,  457
       173,   -0.5754399116D+03,    0.3793546604D+00,    0.1276306065D-01,    0.8864606321D-04,    0.4210104351D-04,  457
       174,   -0.5623413001D+03,    0.3805296240D+00,    0.1333311157D-01,    0.9076163603D-04,    0.4494789299D-04,  457
       175,   -0.5495408493D+03,    0.3817052027D+00,    0.1392782908D-01,    0.9292103104D-04,    0.4798303177D-04,  457
       176,   -0.5370317724D+03,    0.3828813117D+00,    0.1454822543D-01,    0.9512483790D-04,    0.5121852518D-04,  457
       177,   -0.5248074368D+03,    0.3840578641D+00,    0.1519535070D-01,    0.9737363059D-04,    0.5466717725D-04,  457
       178,   -0.5128613611D+03,    0.3852347712D+00,    0.1587029392D-01,    0.9966797477D-04,    0.5834257078D-04,  457
       179,   -0.5011872112D+03,    0.3864119422D+00,    0.1657418426D-01,    0.1020084181D-03,    0.6225911381D-04,  457
       180,   -0.4897787975D+03,    0.3875892843D+00,    0.1730819224D-01,    0.1043955135D-03,    0.6643208447D-04,  457
       181,   -0.4786300709D+03,    0.3887667030D+00,    0.1807353093D-01,    0.1068297898D-03,    0.7087768033D-04,  457
       182,   -0.4677351204D+03,    0.3899441015D+00,    0.1887145720D-01,    0.1093117622D-03,    0.7561307090D-04,  457
       183,   -0.4570881692D+03,    0.3911213813D+00,    0.1970327298D-01,    0.1118419347D-03,    0.8065644725D-04,  457
       184,   -0.4466835722D+03,    0.3922984417D+00,    0.2057032647D-01,    0.1144207869D-03,    0.8602708226D-04,  457
       185,   -0.4365158127D+03,    0.3934751801D+00,    0.2147401349D-01,    0.1170487997D-03,    0.9174538877D-04,  457
       186,   -0.4265794997D+03,    0.3946514921D+00,    0.2241577871D-01,    0.1197264157D-03,    0.9783297799D-04,  457
       187,   -0.4168693648D+03,    0.3958272710D+00,    0.2339711696D-01,    0.1224540556D-03,    0.1043127274D-03,  457
       188,   -0.4073802596D+03,    0.3970024083D+00,    0.2441957455D-01,    0.1252321492D-03,    0.1112088469D-03,  457
       189,   -0.3981071528D+03,    0.3981767938D+00,    0.2548475056D-01,    0.1280610768D-03,    0.1185469479D-03,  457
       190,   -0.3890451276D+03,    0.3993503150D+00,    0.2659429816D-01,    0.1309411883D-03,    0.1263541209D-03,  457
       191,   -0.3801893793D+03,    0.4005228576D+00,    0.2774992594D-01,    0.1338728336D-03,    0.1346590083D-03,  457
       192,   -0.3715352125D+03,    0.4016943055D+00,    0.2895339918D-01,    0.1368563203D-03,    0.1434918837D-03,  457
       193,   -0.3630780385D+03,    0.4028645406D+00,    0.3020654122D-01,    0.1398919282D-03,    0.1528847415D-03,  457
       194,   -0.3548133734D+03,    0.4040334430D+00,    0.3151123472D-01,    0.1429799145D-03,    0.1628713764D-03,  457
       195,   -0.3467368350D+03,    0.4052008910D+00,    0.3286942296D-01,    0.1461205005D-03,    0.1734874767D-03,  457
       196,   -0.3388441410D+03,    0.4063667611D+00,    0.3428311115D-01,    0.1493138817D-03,    0.1847707241D-03,  457
       197,   -0.3311311067D+03,    0.4075309281D+00,    0.3575436766D-01,    0.1525601996D-03,    0.1967608839D-03,  457
       198,   -0.3235936425D+03,    0.4086932648D+00,    0.3728532532D-01,    0.1558595788D-03,    0.2094999089D-03,  457
       199,   -0.3162277519D+03,    0.4098536427D+00,    0.3887818260D-01,    0.1592121111D-03,    0.2230320475D-03,  457
       200,   -0.3090295294D+03,    0.4110119314D+00,    0.4053520486D-01,    0.1626178379D-03,    0.2374039542D-03,  457
       201,   -0.3019951585D+03,    0.4121679991D+00,    0.4225872548D-01,    0.1660767594D-03,    0.2526647988D-03,  457
       202,   -0.2951209095D+03,    0.4133217122D+00,    0.4405114704D-01,    0.1695888371D-03,    0.2688663837D-03,  457
       203,   -0.2884031374D+03,    0.4144729359D+00,    0.4591494242D-01,    0.1731539942D-03,    0.2860632740D-03,  457
       204,   -0.2818382805D+03,    0.4156215337D+00,    0.4785265585D-01,    0.1767721157D-03,    0.3043129218D-03,  457
       205,   -0.2754228580D+03,    0.4167673681D+00,    0.4986690397D-01,    0.1804430290D-03,    0.3236757873D-03,  457
       206,   -0.2691534684D+03,    0.4179102999D+00,    0.5196037675D-01,    0.1841665016D-03,    0.3442154773D-03,  457
       207,   -0.2630267874D+03,    0.4190501889D+00,    0.5413583846D-01,    0.1879422868D-03,    0.3659988989D-03,  457
       208,   -0.2570395668D+03,    0.4201868937D+00,    0.5639612851D-01,    0.1917700737D-03,    0.3890963839D-03,  457
       209,   -0.2511886319D+03,    0.4213202719D+00,    0.5874416224D-01,    0.1956494860D-03,    0.4135818409D-03,  457
       210,   -0.2454708806D+03,    0.4224501799D+00,    0.6118293167D-01,    0.1995801097D-03,    0.4395329217D-03,  457
       211,   -0.2398832812D+03,    0.4235764734D+00,    0.6371550618D-01,    0.2035614676D-03,    0.4670311550D-03,  457
       212,   -0.2344228711D+03,    0.4246990070D+00,    0.6634503304D-01,    0.2075930485D-03,    0.4961621203D-03,  457
       213,   -0.2290867550D+03,    0.4258176350D+00,    0.6907473796D-01,    0.2116742652D-03,    0.5270156235D-03,  457
       214,   -0.2238721038D+03,    0.4269322105D+00,    0.7190792548D-01,    0.2158044817D-03,    0.5596858547D-03,  457
       215,   -0.2187761526D+03,    0.4280425866D+00,    0.7484797933D-01,    0.2199830184D-03,    0.5942715424D-03,  457
       216,   -0.2137961994D+03,    0.4291486156D+00,    0.7789836260D-01,    0.2242091014D-03,    0.6308761582D-03,  457
       217,   -0.2089296037D+03,    0.4302501496D+00,    0.8106261792D-01,    0.2284819420D-03,    0.6696081108D-03,  457
       218,   -0.2041737853D+03,    0.4313470405D+00,    0.8434436747D-01,    0.2328006572D-03,    0.7105809042D-03,  457
       219,   -0.1995262226D+03,    0.4324391399D+00,    0.8774731287D-01,    0.2371643145D-03,    0.7539133132D-03,  457
       220,   -0.1949844513D+03,    0.4335262996D+00,    0.9127523500D-01,    0.2415719459D-03,    0.7997296186D-03,  457
       221,   -0.1905460633D+03,    0.4346083715D+00,    0.9493199368D-01,    0.2460224888D-03,    0.8481597920D-03,  457
       222,   -0.1862087053D+03,    0.4356852076D+00,    0.9872152720D-01,    0.2505148380D-03,    0.8993396992D-03,  457
       223,   -0.1819700777D+03,    0.4367566604D+00,    0.1026478518D+00,    0.2550478308D-03,    0.9534112735D-03,  457
       224,   -0.1778279331D+03,    0.4378225828D+00,    0.1067150608D+00,    0.2596202291D-03,    0.1010522717D-02,  457
       225,   -0.1737800751D+03,    0.4388828284D+00,    0.1109273240D+00,    0.2642307446D-03,    0.1070828821D-02,  457
       226,   -0.1698243577D+03,    0.4399372514D+00,    0.1152888866D+00,    0.2688780372D-03,    0.1134491033D-02,  457
       227,   -0.1659586833D+03,    0.4409857071D+00,    0.1198040679D+00,    0.2735606763D-03,    0.1201677768D-02,  457
       228,   -0.1621810025D+03,    0.4420280514D+00,    0.1244772604D+00,    0.2782772181D-03,    0.1272564601D-02,  457
       229,   -0.1584893122D+03,    0.4430641419D+00,    0.1293129279D+00,    0.2830261413D-03,    0.1347334448D-02,  457
       230,   -0.1548816550D+03,    0.4440938370D+00,    0.1343156046D+00,    0.2878058447D-03,    0.1426177873D-02,  457
       231,   -0.1513561181D+03,    0.4451169968D+00,    0.1394898925D+00,    0.2926146969D-03,    0.1509293216D-02,  457
       232,   -0.1479108322D+03,    0.4461334827D+00,    0.1448404603D+00,    0.2974510020D-03,    0.1596886952D-02,  457
       233,   -0.1445439706D+03,    0.4471431580D+00,    0.1503720411D+00,    0.3023130275D-03,    0.1689173776D-02,  457
       234,   -0.1412537481D+03,    0.4481458877D+00,    0.1560894301D+00,    0.3071989849D-03,    0.1786376922D-02,  457
       235,   -0.1380384203D+03,    0.4491415389D+00,    0.1619974824D+00,    0.3121069982D-03,    0.1888728318D-02,  457
       236,   -0.1348962822D+03,    0.4501299805D+00,    0.1681011104D+00,    0.3170351890D-03,    0.1996468914D-02,  457
       237,   -0.1318256680D+03,    0.4511110840D+00,    0.1744052812D+00,    0.3219816168D-03,    0.2109848866D-02,  457
       238,   -0.1288249494D+03,    0.4520847229D+00,    0.1809150139D+00,    0.3269442892D-03,    0.2229127790D-02,  457
       239,   -0.1258925356D+03,    0.4530507735D+00,    0.1876353766D+00,    0.3319212118D-03,    0.2354574933D-02,  457
       240,   -0.1230268716D+03,    0.4540091146D+00,    0.1945714830D+00,    0.3369102485D-03,    0.2486469391D-02,  457
       241,   -0.1202264381D+03,    0.4549596275D+00,    0.2017284895D+00,    0.3419093496D-03,    0.2625100578D-02,  457
       242,   -0.1174897502D+03,    0.4559021969D+00,    0.2091115919D+00,    0.3469163843D-03,    0.2770768161D-02,  457
       243,   -0.1148153570D+03,    0.4568367100D+00,    0.2167260213D+00,    0.3519291418D-03,    0.2923782401D-02,  457
       244,   -0.1122018404D+03,    0.4577630574D+00,    0.2245770411D+00,    0.3569454246D-03,    0.3084464344D-02,  457
       245,   -0.1096478147D+03,    0.4586811327D+00,    0.2326699425D+00,    0.3619630367D-03,    0.3253146193D-02,  457
       246,   -0.1071519257D+03,    0.4595908332D+00,    0.2410100413D+00,    0.3669797544D-03,    0.3430171470D-02,  457
       247,   -0.1047128501D+03,    0.4604920594D+00,    0.2496026733D+00,    0.3719932526D-03,    0.3615895172D-02,  457
       248,   -0.1023292947D+03,    0.4613847153D+00,    0.2584531904D+00,    0.3770012461D-03,    0.3810683834D-02,  457
       249,   -0.9999999553D+02,    0.4622687087D+00,    0.2675669561D+00,    0.3820014460D-03,    0.4014916198D-02,  457
       250,   -0.9772371773D+02,    0.4631439510D+00,    0.2769493413D+00,    0.3869915783D-03,    0.4228983290D-02,  457
       251,   -0.9549925433D+02,    0.4640103577D+00,    0.2866057200D+00,    0.3919693038D-03,    0.4453288272D-02,  457
       252,   -0.9332542591D+02,    0.4648678479D+00,    0.2965414644D+00,    0.3969322796D-03,    0.4688247061D-02,  457
       253,   -0.9120107986D+02,    0.4657163449D+00,    0.3067619405D+00,    0.4018782148D-03,    0.4934288369D-02,  457
       254,   -0.8912508983D+02,    0.4665557760D+00,    0.3172725032D+00,    0.4068048183D-03,    0.5191854030D-02,  457
       255,   -0.8709635510D+02,    0.4673860728D+00,    0.3280784919D+00,    0.4117097499D-03,    0.5461399157D-02,  457
       256,   -0.8511380002D+02,    0.4682071708D+00,    0.3391852254D+00,    0.4165906712D-03,    0.5743392244D-02,  457
       257,   -0.8317637339D+02,    0.4690190099D+00,    0.3505979971D+00,    0.4214453865D-03,    0.6038315563D-02,  457
       258,   -0.8128304798D+02,    0.4698215345D+00,    0.3623220703D+00,    0.4262715957D-03,    0.6346665351D-02,  457
       259,   -0.7943281992D+02,    0.4706146930D+00,    0.3743626733D+00,    0.4310670191D-03,    0.6668951805D-02,  457
       260,   -0.7762470819D+02,    0.4713984384D+00,    0.3867249942D+00,    0.4358294664D-03,    0.7005699557D-02,  457
       261,   -0.7585775411D+02,    0.4721727280D+00,    0.3994141766D+00,    0.4405567357D-03,    0.7357447737D-02,  457
       262,   -0.7413102082D+02,    0.4729375236D+00,    0.4124353140D+00,    0.4452466991D-03,    0.7724750173D-02,  457
       263,   -0.7244359277D+02,    0.4736927915D+00,    0.4257934458D+00,    0.4498971715D-03,    0.8108175675D-02,  457
       264,   -0.7079457527D+02,    0.4744385022D+00,    0.4394935516D+00,    0.4545060922D-03,    0.8508308166D-02,  457
       265,   -0.6918309400D+02,    0.4751746310D+00,    0.4535405471D+00,    0.4590714686D-03,    0.8925746967D-02,  457
       266,   -0.6760829452D+02,    0.4759011575D+00,    0.4679392792D+00,    0.4635911703D-03,    0.9361106884D-02,  457
       267,   -0.6606934185D+02,    0.4766180655D+00,    0.4826945213D+00,    0.4680633134D-03,    0.9815018524D-02,  457
       268,   -0.6456542002D+02,    0.4773253437D+00,    0.4978109687D+00,    0.4724859775D-03,    0.1028812841D-01,  457
       269,   -0.6309573163D+02,    0.4780229847D+00,    0.5132932341D+00,    0.4768572806D-03,    0.1078109932D-01,  457
       270,   -0.6165949743D+02,    0.4787109859D+00,    0.5291458436D+00,    0.4811754482D-03,    0.1129461044D-01,  457
       271,   -0.6025595591D+02,    0.4793893487D+00,    0.5453732319D+00,    0.4854387260D-03,    0.1182935744D-01,  457
       272,   -0.5888436290D+02,    0.4800580791D+00,    0.5619797383D+00,    0.4896453717D-03,    0.1238605290D-01,  457
       273,   -0.5754399116D+02,    0.4807171869D+00,    0.5789696029D+00,    0.4937937415D-03,    0.1296542648D-01,  457
       274,   -0.5623413001D+02,    0.4813666865D+00,    0.5963469625D+00,    0.4978823687D-03,    0.1356822490D-01,  457
       275,   -0.5495408493D+02,    0.4820065963D+00,    0.6141158466D+00,    0.5019096393D-03,    0.1419521257D-01,  457
       276,   -0.5370317724D+02,    0.4826369386D+00,    0.6322801742D+00,    0.5058741280D-03,    0.1484717173D-01,  457
       277,   -0.5248074368D+02,    0.4832577399D+00,    0.6508437503D+00,    0.5097744933D-03,    0.1552490234D-01,  457
       278,   -0.5128613611D+02,    0.4838690305D+00,    0.6698102620D+00,    0.5136094051D-03,    0.1622922259D-01,  457
       279,   -0.5011872112D+02,    0.4844708446D+00,    0.6891832761D+00,    0.5173775855D-03,    0.1696096941D-01,  457
       280,   -0.4897787975D+02,    0.4850632200D+00,    0.7089662357D+00,    0.5210778521D-03,    0.1772099813D-01,  457
       281,   -0.4786300709D+02,    0.4856461983D+00,    0.7291624574D+00,    0.5247091745D-03,    0.1851018328D-01,  457
       282,   -0.4677351204D+02,    0.4862198247D+00,    0.7497751290D+00,    0.5282705013D-03,    0.1932941861D-01,  457
       283,   -0.4570881692D+02,    0.4867841478D+00,    0.7708073065D+00,    0.5317607958D-03,    0.2017961721D-01,  457
       284,   -0.4466835722D+02,    0.4873392195D+00,    0.7922619124D+00,    0.5351792388D-03,    0.2106171237D-01,  457
       285,   -0.4365158127D+02,    0.4878850952D+00,    0.8141417333D+00,    0.5385249870D-03,    0.2197665737D-01,  457
       286,   -0.4265794997D+02,    0.4884218332D+00,    0.8364494182D+00,    0.5417972757D-03,    0.2292542586D-01,  457
       287,   -0.4168693648D+02,    0.4889494951D+00,    0.8591874765D+00,    0.5449954641D-03,    0.2390901226D-01,  457
       288,   -0.4073802596D+02,    0.4894681453D+00,    0.8823582769D+00,    0.5481188928D-03,    0.2492843226D-01,  457
       289,   -0.3981071528D+02,    0.4899778511D+00,    0.9059640460D+00,    0.5511670299D-03,    0.2598472262D-01,  457
       290,   -0.3890451276D+02,    0.4904786825D+00,    0.9300068668D+00,    0.5541394373D-03,    0.2707894237D-01,  457
       291,   -0.3801893793D+02,    0.4909707122D+00,    0.9544886784D+00,    0.5570357621D-03,    0.2821217281D-01,  457
       292,   -0.3715352125D+02,    0.4914540154D+00,    0.9794112748D+00,    0.5598554935D-03,    0.2938551732D-01,  457
       293,   -0.3630780385D+02,    0.4919286694D+00,    0.1004776305D+01,    0.5625985100D-03,    0.3060010175D-01,  457
       294,   -0.3548133734D+02,    0.4923947543D+00,    0.1030585270D+01,    0.5652645857D-03,    0.3185707711D-01,  457
       295,   -0.3467368350D+02,    0.4928523518D+00,    0.1056839529D+01,    0.5678535851D-03,    0.3315761622D-01,  457
       296,   -0.3388441410D+02,    0.4933015462D+00,    0.1083540290D+01,    0.5703653936D-03,    0.3450291712D-01,  457
       297,   -0.3311311067D+02,    0.4937424231D+00,    0.1110688620D+01,    0.5727999806D-03,    0.3589420333D-01,  457
       298,   -0.3235936425D+02,    0.4941750705D+00,    0.1138285437D+01,    0.5751575757D-03,    0.3733272115D-01,  457
       299,   -0.3162277519D+02,    0.4945995778D+00,    0.1166331516D+01,    0.5774380387D-03,    0.3881974417D-01,  457
       300,   -0.3090295294D+02,    0.4950160359D+00,    0.1194827486D+01,    0.5796416375D-03,    0.4035657195D-01,  457
       301,   -0.3019951585D+02,    0.4954245374D+00,    0.1223773834D+01,    0.5817685677D-03,    0.4194453206D-01,  457
       302,   -0.2951209095D+02,    0.4958251760D+00,    0.1253170905D+01,    0.5838191627D-03,    0.4358497613D-01,  457
       303,   -0.2884031374D+02,    0.4962180470D+00,    0.1283018901D+01,    0.5857936821D-03,    0.4527928500D-01,  456
       304,   -0.2818382805D+02,    0.4966032464D+00,    0.1313317885D+01,    0.5876925345D-03,    0.4702886821D-01,  456
       305,   -0.2754228580D+02,    0.4969808717D+00,    0.1344067780D+01,    0.5895161598D-03,    0.4883516479D-01,  456
       306,   -0.2691534684D+02,    0.4973510209D+00,    0.1375268375D+01,    0.5912649031D-03,    0.5069964141D-01,  456
       307,   -0.2630267874D+02,    0.4977137931D+00,    0.1406919320D+01,    0.5929394002D-03,    0.5262379566D-01,  456
       308,   -0.2570395668D+02,    0.4980692880D+00,    0.1439020134D+01,    0.5945401657D-03,    0.5460915711D-01,  456
       309,   -0.2511886319D+02,    0.4984176060D+00,    0.1471570203D+01,    0.5960677374D-03,    0.5665728461D-01,  456
       310,   -0.2454708806D+02,    0.4987588479D+00,    0.1504568784D+01,    0.5975228718D-03,    0.5876977091D-01,  456
       311,   -0.2398832812D+02,    0.4990931152D+00,    0.1538015006D+01,    0.5989061541D-03,    0.6094824093D-01,  456
       312,   -0.2344228711D+02,    0.4994205094D+00,    0.1571907874D+01,    0.6002182886D-03,    0.6319435033D-01,  456
       313,   -0.2290867550D+02,    0.4997411326D+00,    0.1606246266D+01,    0.6014599828D-03,    0.6550979385D-01,  456
       314,   -0.2238721038D+02,    0.5000550867D+00,    0.1641028945D+01,    0.6026320532D-03,    0.6789630074D-01,  456
       315,   -0.2187761526D+02,    0.5003624741D+00,    0.1676254551D+01,    0.6037352727D-03,    0.7035562968D-01,  456
       316,   -0.2137961994D+02,    0.5006633968D+00,    0.1711921610D+01,    0.6047705326D-03,    0.7288958287D-01,  456
       317,   -0.2089296037D+02,    0.5009579572D+00,    0.1748028536D+01,    0.6057385895D-03,    0.7549999760D-01,  456
       318,   -0.2041737853D+02,    0.5012462570D+00,    0.1784573630D+01,    0.6066402854D-03,    0.7818874908D-01,  456
       319,   -0.1995262226D+02,    0.5015283982D+00,    0.1821555087D+01,    0.6074765853D-03,    0.8095775202D-01,  456
       320,   -0.1949844513D+02,    0.5018044821D+00,    0.1858970997D+01,    0.6082483392D-03,    0.8380895926D-01,  456
       321,   -0.1905460633D+02,    0.5020746100D+00,    0.1896819346D+01,    0.6089566557D-03,    0.8674436559D-01,  456
       322,   -0.1862087053D+02,    0.5023388826D+00,    0.1935098021D+01,    0.6096022504D-03,    0.8976601077D-01,  456
       323,   -0.1819700777D+02,    0.5025974001D+00,    0.1973804813D+01,    0.6101862012D-03,    0.9287597550D-01,  456
       324,   -0.1778279331D+02,    0.5028502623D+00,    0.2012937419D+01,    0.6107093508D-03,    0.9607637882D-01,  456
       325,   -0.1737800751D+02,    0.5030975682D+00,    0.2052493444D+01,    0.6111728587D-03,    0.9936938954D-01,  456
       326,   -0.1698243577D+02,    0.5033394165D+00,    0.2092470404D+01,    0.6115778673D-03,    0.1027572241D+00,  456
       327,   -0.1659586833D+02,    0.5035759050D+00,    0.2132865733D+01,    0.6119248986D-03,    0.1062421433D+00,  456
       328,   -0.1621810025D+02,    0.5038071306D+00,    0.2173676779D+01,    0.6122152429D-03,    0.1098264544D+00,  456
       329,   -0.1584893122D+02,    0.5040331898D+00,    0.2214900812D+01,    0.6124501529D-03,    0.1135125145D+00,  456
       330,   -0.1548816550D+02,    0.5042541781D+00,    0.2256535026D+01,    0.6126300822D-03,    0.1173027313D+00,  456
       331,   -0.1513561181D+02,    0.5044701899D+00,    0.2298576539D+01,    0.6127565527D-03,    0.1211995634D+00,  456
       332,   -0.1479108322D+02,    0.5046813193D+00,    0.2341022400D+01,    0.6128304587D-03,    0.1252055223D+00,  456
       333,   -0.1445439706D+02,    0.5048876588D+00,    0.2383869588D+01,    0.6128526833D-03,    0.1293231714D+00,  456
       334,   -0.1412537481D+02,    0.5050893005D+00,    0.2427115018D+01,    0.6128244564D-03,    0.1335551345D+00,  456
       335,   -0.1380384203D+02,    0.5052863351D+00,    0.2470755543D+01,    0.6127465002D-03,    0.1379040804D+00,  456
       336,   -0.1348962822D+02,    0.5054788525D+00,    0.2514787953D+01,    0.6126202376D-03,    0.1423727446D+00,  456
       337,   -0.1318256680D+02,    0.5056669416D+00,    0.2559208985D+01,    0.6124465314D-03,    0.1469639202D+00,  456
       338,   -0.1288249494D+02,    0.5058506901D+00,    0.2604015319D+01,    0.6122263157D-03,    0.1516804541D+00,  456
       339,   -0.1258925356D+02,    0.5060301847D+00,    0.2649203583D+01,    0.6119607417D-03,    0.1565252621D+00,  456
       340,   -0.1230268716D+02,    0.5062055110D+00,    0.2694770358D+01,    0.6116506653D-03,    0.1615013141D+00,  456
       341,   -0.1202264381D+02,    0.5063767534D+00,    0.2740712175D+01,    0.6112970074D-03,    0.1666116548D+00,  456
       342,   -0.1174897502D+02,    0.5065439952D+00,    0.2787025526D+01,    0.6109010851D-03,    0.1718593888D+00,  456
       343,   -0.1148153570D+02,    0.5067073187D+00,    0.2833706856D+01,    0.6104638875D-03,    0.1772476838D+00,  456
       344,   -0.1122018404D+02,    0.5068668049D+00,    0.2880752575D+01,    0.6099860528D-03,    0.1827797791D+00,  456
       345,   -0.1096478147D+02,    0.5070225336D+00,    0.2928159054D+01,    0.6094686307D-03,    0.1884589850D+00,  456
       346,   -0.1071519257D+02,    0.5071745835D+00,    0.2975922631D+01,    0.6089128932D-03,    0.1942886863D+00,  456
       347,   -0.1047128501D+02,    0.5073230322D+00,    0.3024039612D+01,    0.6083193149D-03,    0.2002723392D+00,  456
       348,   -0.1023292947D+02,    0.5074679558D+00,    0.3072506273D+01,    0.6076891872D-03,    0.2064134636D+00,  456
       349,   -0.9999999553D+01,    0.5076094297D+00,    0.3121318863D+01,    0.6070236099D-03,    0.2127156679D+00,  456
       350,   -0.9772371773D+01,    0.5077475277D+00,    0.3170473604D+01,    0.6063228526D-03,    0.2191826443D+00,  456
       351,   -0.9549925433D+01,    0.5078823225D+00,    0.3219966698D+01,    0.6055884293D-03,    0.2258181487D+00,  456
       352,   -0.9332542591D+01,    0.5080138858D+00,    0.3269794322D+01,    0.6048212047D-03,    0.2326260281D+00,  456
       353,   -0.9120107986D+01,    0.5081422879D+00,    0.3319952638D+01,    0.6040215601D-03,    0.2396102112D+00,  456
       354,   -0.8912508983D+01,    0.5082675979D+00,    0.3370437787D+01,    0.6031905339D-03,    0.2467747132D+00,  456
       355,   -0.8709635510D+01,    0.5083898838D+00,    0.3421245899D+01,    0.6023293939D-03,    0.2541236350D+00,  456
       356,   -0.8511380002D+01,    0.5085092125D+00,    0.3472373086D+01,    0.6014388869D-03,    0.2616611645D+00,  456
       357,   -0.8317637339D+01,    0.5086256496D+00,    0.3523815453D+01,    0.6005194636D-03,    0.2693915897D+00,  456
       358,   -0.8128304798D+01,    0.5087392595D+00,    0.3575569093D+01,    0.5995720277D-03,    0.2773192779D+00,  456
       359,   -0.7943281992D+01,    0.5088501055D+00,    0.3627630090D+01,    0.5985977005D-03,    0.2854487003D+00,  456
       360,   -0.7762470819D+01,    0.5089582498D+00,    0.3679994524D+01,    0.5975970119D-03,    0.2937844246D+00,  456
       361,   -0.7585775411D+01,    0.5090637533D+00,    0.3732658468D+01,    0.5965707145D-03,    0.3023311172D+00,  456
       362,   -0.7413102082D+01,    0.5091666759D+00,    0.3785617994D+01,    0.5955197543D-03,    0.3110935495D+00,  456
       363,   -0.7244359277D+01,    0.5092670763D+00,    0.3838869172D+01,    0.5944450469D-03,    0.3200765811D+00,  456
       364,   -0.7079457527D+01,    0.5093650122D+00,    0.3892408068D+01,    0.5933468041D-03,    0.3292851967D+00,  456
       365,   -0.6918309400D+01,    0.5094605399D+00,    0.3946230755D+01,    0.5922260990D-03,    0.3387244874D+00,  456
       366,   -0.6760829452D+01,    0.5095537150D+00,    0.4000333305D+01,    0.5910835490D-03,    0.3483996370D+00,  456
       367,   -0.6606934185D+01,    0.5096445916D+00,    0.4054711794D+01,    0.5899197672D-03,    0.3583159587D+00,  456
       368,   -0.6456542002D+01,    0.5097332231D+00,    0.4109362304D+01,    0.5887358521D-03,    0.3684788785D+00,  456
       369,   -0.6309573163D+01,    0.5098196616D+00,    0.4164280923D+01,    0.5875318616D-03,    0.3788939382D+00,  456
       370,   -0.6165949743D+01,    0.5099039582D+00,    0.4219463747D+01,    0.5863087315D-03,    0.3895667965D+00,  456
       371,   -0.6025595591D+01,    0.5099861630D+00,    0.4274906879D+01,    0.5850669512D-03,    0.4005032453D+00,  456
       372,   -0.5888436290D+01,    0.5100663250D+00,    0.4330606435D+01,    0.5838076445D-03,    0.4117091941D+00,  456
       373,   -0.5754399116D+01,    0.5101444924D+00,    0.4386558538D+01,    0.5825310587D-03,    0.4231906758D+00,  456
       374,   -0.5623413001D+01,    0.5102207121D+00,    0.4442759325D+01,    0.5812377443D-03,    0.4349538686D+00,  456
       375,   -0.5495408493D+01,    0.5102950303D+00,    0.4499204946D+01,    0.5799284485D-03,    0.4470050743D+00,  456
       376,   -0.5370317724D+01,    0.5103674920D+00,    0.4555891563D+01,    0.5786034626D-03,    0.4593507337D+00,  456
       377,   -0.5248074368D+01,    0.5104381414D+00,    0.4612815354D+01,    0.5772637023D-03,    0.4719974316D+00,  456
       378,   -0.5128613611D+01,    0.5105070217D+00,    0.4669972512D+01,    0.5759095826D-03,    0.4849518895D+00,  456
       379,   -0.5011872112D+01,    0.5105741752D+00,    0.4727359246D+01,    0.5745417957D-03,    0.4982209784D+00,  456
       380,   -0.4897787975D+01,    0.5106396433D+00,    0.4784971782D+01,    0.5731604512D-03,    0.5118117128D+00,  456
       381,   -0.4786300709D+01,    0.5107034664D+00,    0.4842806363D+01,    0.5717659559D-03,    0.5257312723D+00,  456
       382,   -0.4677351204D+01,    0.5107656841D+00,    0.4900859253D+01,    0.5703599452D-03,    0.5399869833D+00,  456
       383,   -0.4570881692D+01,    0.5108263353D+00,    0.4959126732D+01,    0.5689420543D-03,    0.5545863189D+00,  456
       384,   -0.4466835722D+01,    0.5108854577D+00,    0.5017605101D+01,    0.5675117762D-03,    0.5695369339D+00,  456
       385,   -0.4365158127D+01,    0.5109430883D+00,    0.5076290681D+01,    0.5660718098D-03,    0.5848466410D+00,  456
       386,   -0.4265794997D+01,    0.5109992636D+00,    0.5135179814D+01,    0.5646212417D-03,    0.6005234264D+00,  456
       387,   -0.4168693648D+01,    0.5110540187D+00,    0.5194268864D+01,    0.5631600922D-03,    0.6165754476D+00,  456
       388,   -0.4073802596D+01,    0.5111073884D+00,    0.5253554217D+01,    0.5616901393D-03,    0.6330110233D+00,  456
       389,   -0.3981071528D+01,    0.5111594065D+00,    0.5313032279D+01,    0.5602104785D-03,    0.6498386642D+00,  456
       390,   -0.3890451276D+01,    0.5112101060D+00,    0.5372699482D+01,    0.5587221514D-03,    0.6670670702D+00,  456
       391,   -0.3801893793D+01,    0.5112595193D+00,    0.5432552278D+01,    0.5572260449D-03,    0.6847051341D+00,  456
       392,   -0.3715352125D+01,    0.5113076780D+00,    0.5492587147D+01,    0.5557217572D-03,    0.7027619180D+00,  456
       393,   -0.3630780385D+01,    0.5113546129D+00,    0.5552800588D+01,    0.5542098665D-03,    0.7212466962D+00,  456
       394,   -0.3548133734D+01,    0.5114003542D+00,    0.5613189129D+01,    0.5526907398D-03,    0.7401689385D+00,  456
       395,   -0.3467368350D+01,    0.5114449313D+00,    0.5673749318D+01,    0.5511646024D-03,    0.7595383109D+00,  456
       396,   -0.3388441410D+01,    0.5114883730D+00,    0.5734477733D+01,    0.5496327598D-03,    0.7793647145D+00,  456
       397,   -0.3311311067D+01,    0.5115307075D+00,    0.5795370973D+01,    0.5480944072D-03,    0.7996582259D+00,  456
       398,   -0.3235936425D+01,    0.5115719621D+00,    0.5856425664D+01,    0.5465505630D-03,    0.8204291751D+00,  456
       399,   -0.3162277519D+01,    0.5116121638D+00,    0.5917638460D+01,    0.5450012798D-03,    0.8416880887D+00,  456
       400,   -0.3090295294D+01,    0.5116513386D+00,    0.5979006037D+01,    0.5434458602D-03,    0.8634457281D+00,  456
       401,   -0.3019951585D+01,    0.5116895121D+00,    0.6040525100D+01,    0.5418860878D-03,    0.8857130999D+00,  456
       402,   -0.2951209095D+01,    0.5117267093D+00,    0.6102192379D+01,    0.5403222363D-03,    0.9085014179D+00,  456
       403,   -0.2884031374D+01,    0.5117629546D+00,    0.6164004632D+01,    0.5387543971D-03,    0.9318221539D+00,  456
       404,   -0.2818382805D+01,    0.5117982718D+00,    0.6225958641D+01,    0.5371816601D-03,    0.9556870330D+00,  456
       405,   -0.2754228580D+01,    0.5118326840D+00,    0.6288051217D+01,    0.5356060344D-03,    0.9801080361D+00,  456
       406,   -0.2691534684D+01,    0.5118662141D+00,    0.6350279198D+01,    0.5340268791D-03,    0.1005097363D+01,  456
       407,   -0.2630267874D+01,    0.5118988840D+00,    0.6412639447D+01,    0.5324435235D-03,    0.1030667518D+01,  456
       408,   -0.2570395668D+01,    0.5119307154D+00,    0.6475128856D+01,    0.5308581912D-03,    0.1056831264D+01,  456
       409,   -0.2511886319D+01,    0.5119617294D+00,    0.6537744343D+01,    0.5292705713D-03,    0.1083601621D+01,  456
       410,   -0.2454708806D+01,    0.5119919466D+00,    0.6600482854D+01,    0.5276809717D-03,    0.1110991915D+01,  456
       411,   -0.2398832812D+01,    0.5120213871D+00,    0.6663341362D+01,    0.5260876441D-03,    0.1139015708D+01,  456
       412,   -0.2344228711D+01,    0.5120500703D+00,    0.6726316865D+01,    0.5244922927D-03,    0.1167686892D+01,  456
       413,   -0.2290867550D+01,    0.5120780155D+00,    0.6789406392D+01,    0.5228963579D-03,    0.1197019683D+01,  456
       414,   -0.2238721038D+01,    0.5121052413D+00,    0.6852606997D+01,    0.5212994195D-03,    0.1227028564D+01,  456
       415,   -0.2187761526D+01,    0.5121317660D+00,    0.6915915762D+01,    0.5196996104D-03,    0.1257728301D+01,  456
       416,   -0.2137961994D+01,    0.5121576071D+00,    0.6979329795D+01,    0.5180989933D-03,    0.1289134005D+01,  456
       417,   -0.2089296037D+01,    0.5121827822D+00,    0.7042846233D+01,    0.5164982073D-03,    0.1321261143D+01,  456
       418,   -0.2041737853D+01,    0.5122073080D+00,    0.7106462239D+01,    0.5148959369D-03,    0.1354125478D+01,  456
       419,   -0.1995262226D+01,    0.5122312011D+00,    0.7170175003D+01,    0.5132934990D-03,    0.1387743076D+01,  456
       420,   -0.1949844513D+01,    0.5122544775D+00,    0.7233981742D+01,    0.5116900556D-03,    0.1422130393D+01,  456
       421,   -0.1905460633D+01,    0.5122771529D+00,    0.7297879701D+01,    0.5100866580D-03,    0.1457304240D+01,  456
       422,   -0.1862087053D+01,    0.5122992426D+00,    0.7361866151D+01,    0.5084842708D-03,    0.1493281795D+01,  456
       423,   -0.1819700777D+01,    0.5123207616D+00,    0.7425938391D+01,    0.5068812325D-03,    0.1530080562D+01,  456
       424,   -0.1778279331D+01,    0.5123417243D+00,    0.7490093744D+01,    0.5052780974D-03,    0.1567718383D+01,  456
       425,   -0.1737800751D+01,    0.5123621450D+00,    0.7554329563D+01,    0.5036750472D-03,    0.1606213602D+01,  456
       426,   -0.1698243577D+01,    0.5123820374D+00,    0.7618643226D+01,    0.5020735683D-03,    0.1645584838D+01,  456
       427,   -0.1659586833D+01,    0.5124014152D+00,    0.7683032136D+01,    0.5004734369D-03,    0.1685851180D+01,  456
       428,   -0.1621810025D+01,    0.5124202914D+00,    0.7747493726D+01,    0.4988717973D-03,    0.1727032100D+01,  456
       429,   -0.1584893122D+01,    0.5124386788D+00,    0.7812025450D+01,    0.4972733921D-03,    0.1769147429D+01,  456
       430,   -0.1548816550D+01,    0.5124565901D+00,    0.7876624794D+01,    0.4956760159D-03,    0.1812217520D+01,  456
       431,   -0.1513561181D+01,    0.5124740373D+00,    0.7941289265D+01,    0.4940773281D-03,    0.1856263084D+01,  456
       432,   -0.1479108322D+01,    0.5124910323D+00,    0.8006016399D+01,    0.4924816902D-03,    0.1901305319D+01,  456
       433,   -0.1445439706D+01,    0.5125075868D+00,    0.8070803756D+01,    0.4908891087D-03,    0.1947365825D+01,  456
       434,   -0.1412537481D+01,    0.5125237121D+00,    0.8135648922D+01,    0.4892963450D-03,    0.1994466728D+01,  456
       435,   -0.1380384203D+01,    0.5125394191D+00,    0.8200549509D+01,    0.4877044122D-03,    0.2042630525D+01,  456
       436,   -0.1348962822D+01,    0.5125547186D+00,    0.8265503153D+01,    0.4861156725D-03,    0.2091880269D+01,  456
       437,   -0.1318256680D+01,    0.5125696211D+00,    0.8330507516D+01,    0.4845292359D-03,    0.2142239467D+01,  456
       438,   -0.1288249494D+01,    0.5125841368D+00,    0.8395560284D+01,    0.4829439005D-03,    0.2193732165D+01,  456
       439,   -0.1258925356D+01,    0.5125982756D+00,    0.8460659170D+01,    0.4813598765D-03,    0.2246382892D+01,  456
       440,   -0.1230268716D+01,    0.5126120472D+00,    0.8525801909D+01,    0.4797788903D-03,    0.2300216652D+01,  456
       441,   -0.1202264381D+01,    0.5126254611D+00,    0.8590986263D+01,    0.4782007802D-03,    0.2355259055D+01,  456
       442,   -0.1174897502D+01,    0.5126385265D+00,    0.8656210015D+01,    0.4766251980D-03,    0.2411536203D+01,  456
       443,   -0.1148153570D+01,    0.5126512524D+00,    0.8721470974D+01,    0.4750514563D-03,    0.2469074826D+01,  456
       444,   -0.1122018404D+01,    0.5126636475D+00,    0.8786766975D+01,    0.4734806124D-03,    0.2527902080D+01,  456
       445,   -0.1096478147D+01,    0.5126757204D+00,    0.8852095873D+01,    0.4719114469D-03,    0.2588045763D+01,  456
       446,   -0.1071519257D+01,    0.5126874793D+00,    0.8917455548D+01,    0.4703446850D-03,    0.2649534367D+01,  456
       447,   -0.1047128501D+01,    0.5126989324D+00,    0.8982843906D+01,    0.4687826993D-03,    0.2712396871D+01,  456
       448,   -0.1023292947D+01,    0.5127100876D+00,    0.9048258871D+01,    0.4672239673D-03,    0.2776664090D+01,  456
       449,   -0.9999999776D+00,    0.5127209526D+00,    0.9113698396D+01,    0.4647474207D-03,    0.2880844183D+01,  456
       450,   -0.8999999799D+00,    0.5137671704D+00,    0.9413390409D+01,    0.4584222360D-03,    0.3165222880D+01,  456
       451,   -0.7999999821D+00,    0.5148126431D+00,    0.9748745759D+01,    0.4505408239D-03,    0.3564211614D+01,  456
       452,   -0.6999999844D+00,    0.5158572862D+00,    0.1012905666D+02,    0.4417044929D-03,    0.4074517867D+01,  456
       453,   -0.5999999866D+00,    0.5169009939D+00,    0.1056782083D+02,    0.4316391871D-03,    0.4750744909D+01,  456
       454,   -0.4999999888D+00,    0.5179436274D+00,    0.1108575762D+02,    0.4199235180D-03,    0.5690658034D+01,  456
       455,   -0.3999999911D+00,    0.5189849976D+00,    0.1171715263D+02,    0.4058544179D-03,    0.7089046213D+01,  456
       456,   -0.2999999933D+00,    0.5200248275D+00,    0.1252525990D+02,    0.3880930249D-03,    0.9401235032D+01,  456
       457,   -0.1999999955D+00,    0.5210626672D+00,    0.1364895561D+02,    0.3634300348D-03,    0.1402865084D+02,  456
       458,   -0.9999999776D-01,    0.5220976274D+00,    0.1551555623D+02,    0.3145135043D-03,    0.3441654489D+02,  456
       459,    0.0000000000D+00,    0.5231262100D+00,    0.3755041868D+02,    0.1000000000D-06,    0.3133146717D+03,  456
